recipe;Calories;Fat;Sodium;Carb;Fiber;Protein;VitaminD;Calcium;Iron;Potassium;LinoleicAcid;Alfa-linolenicAcid;Copper;Magnesium;Phosphorus;Selenium;Zinc;VitaminA;VitaminB6;VitaminB12;VitaminC;VitaminE;VitaminK;Folate;Thiamin;Riboflavin;Niacin;Choline
2-Step Chicken;181;10;537;5;0;17;0;19;1;164;2;0.2;125;18;137;15;1;36;0.3;0.2;0;1;7;4;0;0.1;7;50
20-Minute Chicken Creole;76;3;251;6;2;8;0;34;1;427;1;0.1;90;20;74;8;0;25;0.4;0;34;1;12;16;0.3;0.1;3;24
3-Can Chili;129;1;418;27;6;6;0;61;2;473;0;0.1;196;45;126;4;1;14;0.2;0;15;1;4;57;0.5;0.1;2;36
5 A Day Bulgur Wheat;647;10;745;112;31;33;0;171;9;1159;4;0.2;889;169;530;13;5;154;0.6;0;36;2;70;316;0.4;0.3;4;152
5 A Day Salad;99;1;100;21;8;5;0;119;2;1166;0;0.1;305;80;142;1;1;818;0.6;0;129;2;261;181;0.2;0.3;2;48
A Simple Mexican Salad;46;0;306;11;2;1;0;42;0;274;0;0;106;20;32;1;0;16;0.1;0;43;0;8;36;0.1;0.1;0;12
Angel Food Cake;152;0;104;33;0;5;0;4;1;107;0;0;0;6;16;0;0;0;0;0;0;0;0;32;0.1;0.2;1;1
Angel Food Pastry with Fresh Berries and Whipped Cream;161;2;259;34;2;4;0;108;0;160;0;0.1;57;15;152;5;0;5;0;0.2;18;0;2;30;0;0.2;0;9
Anytime Pizza;180;7;502;18;2;11;0;251;1;335;0;0.1;0;29;212;0;1;0;0.2;0.7;22;0;11;58;0.2;0.2;2;18
Apple & Chicken Salad;290;8;330;34;4;25;0;56;2;553;6;0.7;140;38;208;19;1;70;0.6;0.3;7;1;43;36;0.1;0.2;10;69
Apple Banana Salad with Peanuts;330;17;90;42;8;10;0;99;2;810;5;0.2;325;96;176;4;2;282;0.4;0.1;15;3;186;152;0.2;0.2;5;40
Apple Cake;272;11;106;40;1;4;0;63;1;76;1;0.1;59;8;69;11;0;102;0;0.1;3;0;1;62;0.2;0.2;1;43
Apple Carrot Soup;116;2;220;13;3;12;0;37;1;296;0;0;130;23;108;16;1;303;0.3;0.3;5;0;6;9;0.2;0.1;4;46
Apple Chunk Cake;240;6;312;45;2;3;0;14;1;98;2;0.3;55;9;45;10;0;15;0.1;0.1;3;1;6;66;0.2;0.2;1;29
Apple Corn Chili;360;11;140;48;9;20;0;100;3;897;2;0.2;365;97;307;13;2;27;0.6;0.2;46;2;11;112;0.4;0.2;8;88
Apple Oatmeal Muffins;125;1;133;28;2;3;0;101;1;105;0;0;56;16;88;6;1;13;0;0.1;1;0;1;34;0.1;0.1;1;8
Apple Pistachio Crisp;330;10;60;60;7;5;0;47;2;416;3;0.2;262;46;135;9;1;62;0.2;0;8;1;11;15;0.2;0.1;1;19
Apple Salad with Sweet & Tangy Yogurt Dressing;68;0;28;16;1;2;0;49;0;207;0;0;53;10;47;1;0;81;0.1;0.1;2;0;5;8;0;0.1;0;6
Apple Sandwiches;147;9;58;16;3;4;0;14;0;233;2;0;109;35;80;1;1;2;0.1;0;3;2;2;14;0;0;2;18
Apple Slice Pancakes;174;4;382;29;2;6;0;171;1;160;1;0.2;58;16;253;11;1;0;0.1;0.4;0;0;0;0;0.2;0.2;1;38
Apple Tuna Sandwiches;239;3;426;35;5;19;1;141;2;357;1;0.1;173;62;233;55;2;26;0.3;1.5;3;2;13;35;0.3;0.2;8;37
Apple Wedges with Pumpkin Almond Butter;244;13;100;33;7;5;0;104;1;397;3;0;278;78;138;1;1;242;0.1;0;8;6;8;19;0;0.4;1;19
Apple-Stuffed Squash;130;2;8;31;4;2;0;78;2;790;0;0.1;152;71;82;1;0;52;0.4;0;25;0;1;38;0.3;0;2;2
Applesauce;70;0;1;18;2;0;0;6;0;103;0;0;28;5;11;0;0;3;0;0;4;0;2;3;0;0;0;3
Applesauce Pancakes;249;4;202;46;2;7;1;144;2;146;1;0.2;0;16;138;0;1;44;0.1;0.2;1;1;2;130;0.4;0.3;3;54
Apricot & Lemon Chicken;241;4;83;19;0;31;0;26;2;296;1;0;82;33;235;28;1;6;0.6;0.3;7;0;0;9;0.1;0.1;14;88
Argentinean Grilled Steak with Salsa Criolla;220;11;80;5;1;25;0;29;2;433;1;0.1;106;27;199;26;4;30;0.6;1.4;9;1;38;20;0.1;0.1;7;95
Arroz Con Pollo;363;9;580;45;5;26;0;88;3;610;2;0.1;342;110;351;38;3;19;0.9;0.3;36;1;12;28;0.3;0.3;8;86
Arroz Con Pollo Chicken and Rice;556;33;145;35;3;30;0;46;3;586;7;0.5;288;54;337;26;2;119;0.7;0.5;32;1;21;123;0.4;0.3;12;105
Asian Mango Chicken Wraps;440;12;570;57;9;29;0;250;3;762;2;0.1;366;99;388;40;0;334;0.8;0.3;96;3;43;105;0.3;0.3;12;85
Asparagus with Gremolata Sauce;49;4;3;3;2;2;0;18;1;144;1;0.2;0;10;36;0;0;64;0.1;0;7;1;32;36;0.1;0.1;1;12
Asparagus Mandarin Orange Chicken and Rice;440;11;0;51;6;33;0;63;3;737;2;0.1;367;119;378;0;3;110;0.8;0.3;50;43;130;130;0.5;0.3;15;119
Aunt Barbara's Chocolate Squash Cake;286;17;378;33;1;4;0;77;2;169;6;0.7;189;23;141;9;1;19;0;0.1;0;2;12;48;0.1;0.1;1;35
Autumn Vegetable Succotash;203;8;43;30;7;7;0;37;2;637;1;0.1;107;52;118;2;1;71;0.4;0;73;2;14;75;0.2;0.2;2;44
Avocado and Corn Salsa;67;4;119;8;3;1;0;6;0;235;1;0;75;17;38;0;0;13;0.1;0;7;1;8;34;0;0.1;1;11
Avocado Breakfast Bruschetta;340;17;434;32;9;17;1;150;3;525;2;0.1;232;55;239;38;2;128;0.3;0.6;14;2;32;125;0.3;0.5;4;133
Avocado Melon Breakfast Smoothie;320;11;170;46;5;13;1;400;1;550;1;0.1;98;34;183;5;1;42;0.2;0.7;48;1;9;46;0.1;0.3;1;28
Avocado Potato and Grilled Chicken Salad;300;11;280;34;6;19;0;60;2;1228;1;0.1;0;78;296;0;2;37;1;0.3;0;2;45;79;0.2;0.2;10;81
Awesome Granola;231;13;37;27;3;4;0;24;1;190;3;0.4;0;44;120;0;2;39;0;0;0;1;5;10;0.2;0;0;14
Baked Cauliflower Tots;107;5;296;9;2;7;0;93;1;240;0;0.1;52;16;119;9;1;52;0.2;0;32;0;11;70;0.1;0.2;1;81
Baked Chicken;112;2;49;1;0;21;0;12;1;183;0;0;42;20;154;18;1;4;0.4;0.2;0;0;1;3;0.1;0.1;9;57
Baked Chicken Nuggets;175;8;127;7;1;18;0;13;3;233;1;0.1;60;22;169;20;1;54;0.5;0;2;0;4;45;0.2;0.3;6;54
Baked Chicken with Vegetables;485;27;146;33;5;27;0;59;3;1093;5;0.3;291;69;336;20;2;579;1;0.4;33;1;17;46;0.3;0.3;10;111
Baked Fish and Vegetables;145;1;355;15;5;19;1;42;1;454;0;0;110;45;353;25;1;196;0.2;2;6;1;27;30;0.1;0.2;2;93
Baked Fish with Creole Sauce;111;1;576;7;2;17;1;31;1;492;0;0.1;91;35;326;25;1;33;0.3;2;19;2;10;19;0.1;0.1;3;79
Baked Lemon Chicken;261;5;521;12;2;40;0;54;3;684;1;0.1;167;57;418;33;3;26;1;0.7;23;0;16;34;0.2;0.3;15;0
Baked Lentils Casserole;200;4;418;29;11;14;0;142;4;668;0;0.1;338;55;279;5;2;250;0.3;0.1;15;1;8;212;0.7;0.2;2;46
Baked Meatballs;131;6;98;6;0;13;0;43;2;206;0;0;63;16;132;13;3;19;0.2;1.4;0;0;2;18;0.1;0.2;3;57
Baked Parmesan Fish;204;2;227;8;1;37;2;173;2;780;0;0;167;124;452;67;1;33;0.6;5.5;5;0;29;25;0.1;0.4;6;136
Baked Pork Chops;225;5;182;3;1;38;1;17;1;409;1;0;126;33;296;52;3;24;0.8;0.8;27;1;2;10;0.7;0.3;13;133
Baked Potatoes Primavera;342;0;189;74;13;12;0;177;3;1312;0;0.1;398;99;291;5;2;446;0.8;0.2;48;1;50;78;0.3;0.4;4;85
Baked Tofu;84;5;451;2;1;9;0;202;2;184;2;0.3;216;43;134;10;1;0;0.1;0;0;0;4;20;0.1;0.1;0;29
Baked Tortilla Chips;92;0;170;20;2;3;0;8;1;84;0;0;83;27;73;16;1;0;0.1;0;0;0;0;22;0.1;0.1;1;6
Baked Trout;153;4;135;3;1;24;0;84;1;643;0;0.1;148;41;325;15;1;39;0.5;5.2;14;0;0;22;0.2;0.1;6;0
Banana Berry Muffins;75;1;130;15;1;2;4;17;0;100;0;0;41;12;34;5;0;2;0.1;0;0;0;1;16;0.1;0.1;0;13
Banana Bread;137;3;328;26;1;3;0;26;1;155;1;0.1;53;14;44;7;0;12;0.1;0.1;3;0;3;55;0.1;0.1;1;18
Banana Cocoa Yogurt Pops;79;1;41;15;1;3;0;0;0;0;0;0;0;0;0;0;0;8;0.1;0.3;3;0;0;13;0;0.1;0;12
Banana Cupcakes;211;10;203;29;1;3;0;31;1;96;2;0.2;44;10;46;8;0;14;0.1;0.1;2;1;5;53;0.1;0.1;1;28
Banana Oat Cookies;23;0;5;4;1;1;0;12;0;57;0;0;21;8;23;1;0;0;0;0;1;0;0;3;0;0;0;3
Banana Oatmeal Pancakes with Lentils;221;8;258;32;3;7;0;133;2;284;2;0.5;120;34;161;12;1;30;0.2;0.3;3;1;5;77;0.2;0.2;1;47
Banana Oatmeal Raisin Cookies;114;5;38;16;2;2;0;14;1;168;1;0.3;77;24;59;3;1;45;0.1;0;2;1;5;9;0.1;0;0;8
Banana Pancakes with Apple Topping;325;10;215;54;5;8;1;194;2;404;3;0.4;156;48;212;22;1;65;0.3;0.4;7;1;10;73;0.2;0.3;2;72
Banana Split Oatmeal;267;3;360;53;4;9;0;179;1;508;1;0.1;182;69;246;11;2;14;0.3;0.5;6;0;1;29;0.2;0.3;1;30
Banana Waldorf;312;2;151;66;3;12;1;382;1;835;1;0.3;231;64;321;9;2;9;0.5;1.1;12;0;2;43;0.1;0.5;1;44
Banana Walnut Oatmeal;292;6;118;52;5;11;1;180;2;590;2;0.3;277;96;301;15;3;82;0.3;0.5;6;0;1;33;0.3;0.4;1;42
Barley Jambalaya;230;5;440;41;9;9;0;80;3;549;1;0.2;0;53;144;13;1;45;0.6;0.1;48;2;14;51;0.2;0.2;5;37
Barley Pilaf;120;2;15;24;3;2;0;18;1;144;1;0.1;124;21;56;7;1;1;0.1;0;2;0;5;20;0.1;0.1;2;14
Basic Custard;63;1;44;9;0;4;1;82;0;113;0;0;17;8;87;6;0;57;0;0.4;0;0;0;9;0;0.2;0;46
Basic Muffins;201;5;160;37;2;3;0;12;1;75;2;0.3;70;17;57;11;0;7;0.1;0;0;1;6;37;0.1;0.1;1;17
Basic Quiche;133;7;338;9;2;8;1;141;1;170;1;0.1;60;18;160;11;1;155;0.1;0.5;1;0;8;26;0.1;0.3;0;90
Basic Steamed Collards;7;0;4;1;1;1;0;50;0;46;0;0;10;6;5;0;0;54;0;0;8;0;94;28;0;0;0;5
Batido (Smoothie);118;1;46;25;3;4;0;132;0;534;0;0;0;33;105;0;1;49;0.3;0.3;49;1;2;45;0.1;0.2;1;16
BBQ Chicken Pizza;143;4;393;19;2;10;0;135;1;184;0;0.1;89;30;162;18;1;24;0.2;0.1;8;0;2;18;0.1;0.1;3;20
Bean and Rice Burritos;358;8;557;58;6;13;0;161;4;338;1;0.2;243;44;206;20;1;22;0.2;0.1;3;0;7;216;0.5;0.3;3;22
Bean Dip;124;7;198;9;3;8;0;154;1;178;0;0.1;95;23;159;3;1;55;0.1;0.2;1;0;3;19;0.1;0.1;0;21
Bean Enchiladas;375;8;825;59;11;17;0;271;5;621;0;0;0;77;302;0;2;58;0.3;0.1;1;2;8;145;0.4;0.3;3;44
Beef & Noodles;224;10;57;14;1;18;0;22;3;243;1;0.1;114;26;176;26;4;3;0.3;1.8;0;0;1;81;0.2;0.2;5;64
Beef & Potatoes;514;10;147;74;8;32;0;198;5;2125;0;0.1;511;124;512;22;7;72;1.5;3;76;0;11;79;0.4;0.5;9;136
Beef & Vegetable Soup;226;10;319;17;3;19;0;0;0;0;0;0.1;0;0;0;0;0;252;0.4;1.8;12;1;43;65;0.1;0.2;6;72
Beef and Bean Chile Verde;216;6;623;26;8;17;0;82;4;812;0;0.1;307;66;225;13;3;37;0.6;1.1;40;2;18;110;0.2;0.2;4;64
Beef and Cabbage for Dinner Tonight;246;9;107;16;6;25;0;111;4;750;0;0.1;134;51;256;19;6;11;0.7;2.5;85;1;174;110;0.2;0.3;6;97
Beef and Vegetable Soup;258;9;336;30;4;15;0;47;3;590;1;0.1;203;49;197;14;0;0;0;0;0;0;0;0;0;0;0;0
Beef and Vegetables;471;12;141;69;5;22;0;49;5;598;1;0.1;271;61;262;27;5;29;0.6;0;4;2;11;196;0.4;0.2;10;74
Beefy Macaroni and Cheese;296;12;258;22;3;24;0;152;3;470;1;0.1;180;40;263;31;5;58;0.4;2;13;1;4;84;0.8;0.3;6;65
Beet & White Bean Salad;420;29;454;29;7;14;0;169;3;562;7;1.6;463;91;275;0;2;34;0.2;0.2;3;3;12;122;0.2;0.2;1;44
Beets Beans & Greens;150;5;176;22;7;6;0;58;2;534;2;0.4;216;47;126;2;1;24;0.1;0;8;1;29;126;0.2;0.1;1;28
Bell Pepper and Apple Coleslaw;154;9;229;17;5;4;0;83;1;386;3;0.2;161;48;91;2;1;10;0.2;0;99;3;91;60;0.1;0.1;1;19
Bell Pepper and Potato Salad;138;1;400;31;4;4;0;33;2;875;0;0;273;44;137;2;1;29;0.4;0.1;43;0;35;46;0.2;0.1;2;31
Bell Pepper and Vidalia Onion Strata with Fresh Salsa;240;9;371;21;4;19;1;246;2;463;1;0.1;223;52;298;36;2;142;0.3;0.9;39;2;10;61;0.2;0.5;2;132
Bell Pepper Nachos;120;5;640;5;2;14;0;90;1;330;0;0;88;24;157;13;1;53;0.5;0;69;1;9;16;0.1;0.1;4;35
Berries with Banana Cream;60;1;15;13;2;2;0;52;0;236;0;0.1;56;19;53;1;0;4;0.1;0.1;52;0;2;26;0;0.1;0;10
Berry Bread Pudding;236;3;320;44;7;9;0;122;2;241;1;0.2;197;58;161;18;1;2;0.2;0;3;2;25;38;0.3;0.2;4;25
Better Baking Mix;375;4;539;71;5;14;1;270;5;365;1;0.1;0;76;351;0;3;71;0.1;0.4;1;0;1;178;0.6;0.5;4;37
Black Bean and Rice Salad;520;12;688;87;17;18;0;114;5;823;4;0.7;633;167;409;22;3;5;0.5;0;22;3;18;142;0.6;0.2;4;70
Black Bean and Sweet Potato Quesadillas;449;11;814;73;9;15;0;258;6;577;2;0.1;347;65;270;25;0;0;0;0;0;0;0;0;0;0;0;0
Black Bean Burgers;274;5;668;47;12;13;0;106;4;516;1;0.1;370;91;264;29;2;25;0.2;0.2;5;1;29;93;0.3;0.3;3;71
Black Bean Quesadillas;160;5;490;25;4;7;0;96;2;287;1;0.1;162;35;127;7;1;14;0.1;0;2;0;5;88;0.3;0.1;1;16
Black Bean Salsa;31;0;70;6;2;2;0;0;0;0;0;0;0;0;0;0;0;11;0.1;0;10;0;2;19;0.2;0;0;8
Black Bean Soup;322;6;917;60;20;20;0;158;7;1173;0;0.2;638;122;372;5;2;263;0.3;0.1;13;3;36;209;0.5;0.4;2;79
Black Beans;352;8;722;55;19;18;0;130;6;978;3;0.5;601;110;339;3;2;0;0.2;0;2;3;15;192;0.5;0.1;1;72
Black Skillet Beef with Greens and Red Potatoes;392;5;387;65;10;26;0;149;5;1819;0;0.1;1090;113;349;19;5;456;1.3;1.2;117;1;327;88;0.4;0.3;7;105
Black-Eyed Pea and Collard Greens Soup;190;4;535;26;8;13;0;77;3;485;1;0.3;362;71;241;11;2;0;0.3;0.2;8;0;82;166;0.3;0.2;2;0
Blue Corn Pan Bread;182;2;11;40;3;4;0;15;1;196;1;0;120;50;120;7;1;0;0.2;0;0;0;0;0;0.1;0.1;1;0
Blueberry Chicken Pasta Salad with Field Greens;390;11;0;41;7;32;0;62;3;486;1;0.2;281;62;218;46;1;209;0.8;0.3;55;3;132;89;0.1;0.2;12;95
Blueberry Muffins;252;10;195;37;1;4;0;67;1;69;4;0.5;53;8;68;10;0;20;0;0.1;2;1;15;67;0.2;0.2;1;30
Brag About It Bread Bake;220;6;467;19;1;23;2;273;2;395;1;0.1;92;35;320;31;2;110;0.3;0.8;20;1;23;79;0.2;0.5;4;115
Braised Chicken Thighs with Spinach;185;8;423;5;2;22;0;94;3;667;1;0.2;163;80;224;23;2;340;0.6;0.3;22;2;353;146;0.1;0.3;6;75
Bread in a Bag;199;4;198;36;1;5;0;12;2;60;1;0.2;0;10;55;0;0;2;0;0;0;0;4;145;0.4;0.3;3;5
Breakfast Burrito;146;1;270;28;7;7;0;88;2;441;0;0.1;223;54;199;3;1;19;0.2;0.1;7;1;7;61;0.2;0.1;1;27
Breakfast Burrito with Salsa;246;9;479;30;2;11;1;104;3;223;2;0.1;129;23;179;27;1;89;0.2;0.5;7;1;4;116;0.3;0.4;2;155
Breakfast Parfait;209;1;44;49;3;4;0;133;1;503;0;0.1;189;41;113;4;1;12;0.3;0.3;16;0;7;22;0.2;0.2;1;21
Broccoli and Corn Bake;214;13;135;23;3;5;0;34;1;216;5;0.7;79;25;93;4;1;66;0.1;0.1;27;3;67;81;0.1;0.2;1;50
Broccoli Baked Potatoes;206;2;138;39;5;10;0;124;2;973;0;0;243;56;232;4;1;22;0.7;0.1;56;0;20;46;0.2;0.2;2;33
Broccoli Omelet;190;7;350;12;3;22;1;150;2;614;1;0.1;241;39;264;38;2;190;0.3;0.9;102;2;57;87;0.1;0.9;2;138
Broccoli Potato Soup;194;5;310;26;3;15;1;307;2;921;0;0.1;249;50;321;8;2;123;0.3;0.4;82;1;91;69;0.1;0.4;4;48
Broccoli Rice Casserole;237;10;273;27;2;10;1;215;1;371;1;0.3;149;31;207;11;1;114;0.2;0.3;50;1;60;109;0.2;0.3;1;24
Broccoli Salad;174;9;198;23;3;3;0;44;1;375;1;0.1;100;22;69;2;0;22;0.2;0;62;1;79;46;0.1;0.1;1;17
Broccoli Strawberry Orzo Salad;153;8;31;18;3;4;0;29;1;243;2;0.1;171;26;113;14;1;10;0.1;0;60;2;34;83;0.1;0.1;1;14
Broccoli-Cheddar Frittata;160;8;470;3;1;13;1;193;1;184;1;0.1;86;21;229;22;1;132;0.2;1;18;1;42;51;0.1;0.4;0;159
Broiled Tomatoes and Cheese;134;3;324;16;3;12;0;109;1;520;0;0;159;31;182;10;1;92;0.2;0.4;25;1;19;50;0.2;0.2;2;26
Bronco Beans;514;7;676;90;28;29;0;284;10;1752;1;0.2;0;196;546;11;3;34;1.3;0;68;4;45;247;0.6;0.5;4;139
Brown Rice Pilaf;320;8;53;56;5;8;0;60;1;178;2;0;349;130;241;23;2;0;0.4;0;0;3;3;12;0.2;0.1;4;27
Brown Rice Tabbouleh;200;10;200;26;2;3;0;24;1;202;1;0.1;248;76;143;15;1;36;0.3;0;18;2;105;25;0.2;0.1;3;18
Brunswick Stew;180;4;324;22;5;17;0;36;2;621;1;0.1;0;46;188;0;1;6;0.5;0.1;10;1;5;67;0.2;0.2;5;57
Brussels Sprouts with Mushroom Sauce;54;1;69;10;4;5;0;46;2;458;0;0.1;153;24;97;4;1;34;0.2;0;76;1;160;58;0.2;0.2;2;22
Bugs on a Log;60;2;68;9;1;2;0;34;0;149;0;0;40;6;36;1;0;28;0;0;1;0;5;9;0;0;0;4
Bulgur Chickpea Salad;220;6;178;41;7;6;0;45;2;360;2;0.3;206;55;100;2;1;94;0.2;0;29;1;27;54;0.2;0.1;1;24
Butterfly Bite;135;9;146;11;1;5;0;14;1;189;2;0;104;35;82;1;1;2;0.1;0;0;2;3;32;0.1;0;2;18
Butternut Squash with Black Beans;232;1;291;44;14;13;0;116;5;883;0;0.2;446;96;247;2;1;341;0.2;0;14;2;7;146;0.4;0.1;2;48
Cabbage Comfort;43;1;161;7;3;1;0;42;1;183;0;0.1;32;14;32;0;0;4;0.1;0;31;0;61;39;0.1;0;0;10
Cabbage Roll Casserole;124;3;173;17;4;8;0;80;2;495;0;0;131;40;117;7;2;19;0.4;0.6;48;1;92;62;0.1;0.1;3;40
Cabbage Salad;59;4;160;6;1;2;0;50;0;136;2;0.3;19;9;40;1;0;38;0.1;0.1;17;0;38;20;0;0.1;0;9
Cabbage Stir-Fry;87;3;232;15;4;3;0;76;1;471;1;0.2;66;33;68;1;0;85;0.4;0;114;1;59;37;0.1;0.1;1;30
Cafe Mocha;155;1;212;30;1;6;1;183;0;439;0;0;100;41;204;5;1;81;0.1;0.6;1;0;0;9;0.1;0.4;0;31
Cantaloupe Cooler;71;0;12;17;1;1;0;15;0;339;0;0;63;17;24;0;0;124;0.1;0;64;0;2;38;0.1;0;1;10
Caramelized Mushroom and Vidalia Onion Risotto;380;10;270;58;6;12;0;150;3;569;2;0.7;586;97;332;25;2;70;0.4;0.3;12;1;20;63;0.4;0.5;8;53
Caribbean Bean Salad;118;4;94;18;6;5;0;65;2;437;0;0.1;197;36;91;1;1;100;0.1;0;26;1;71;92;0.2;0.1;1;23
Caribbean Casserole;189;2;182;36;6;7;0;52;2;348;1;0.2;268;69;157;10;1;5;0.2;0;11;1;5;47;0.2;0.1;2;28
Caribbean Pink Beans;135;1;227;27;7;7;0;42;2;467;0;0.1;199;48;118;5;1;25;0.3;0;13;1;4;131;0.2;0.1;1;29
Carrot Cookies;119;3;96;22;1;2;0;27;1;78;1;0.2;45;8;33;4;0;67;0;0;0;1;4;26;0.1;0.1;1;4
Carrot Raisin Salad;63;0;43;16;2;1;0;25;0;275;0;0;58;11;31;0;0;509;0.1;0;8;0;8;14;0.1;0.1;1;7
Carrots with Tomatoes and Macaroni;163;5;307;27;5;4;0;55;1;616;1;0;151;32;85;9;1;951;0.3;0;24;2;53;83;0.2;0.1;2;20
Catfish Stew and Rice;340;3;423;57;9;23;0;133;4;1320;0;0;321;90;411;20;2;80;0.9;2.4;80;2;95;168;1.1;0.2;6;37
Cauliflower Shells with Cheese;359;10;233;55;6;17;1;255;2;273;0;0;356;73;324;52;2;38;0.2;0.5;14;2;14;42;0.3;0.3;2;43
Chapatis Flatbread;149;3;28;29;4;5;0;14;1;145;1;0.1;167;55;143;25;1;0;0.2;0;0;0;2;18;0.2;0.1;2;12
Cheese and Corn Chowder;164;4;118;28;3;7;1;168;1;541;0;0.1;123;39;190;4;1;247;0.3;0.4;16;0;9;57;0.1;0.2;2;35
Cheese Stuffed Potatoes;338;2;212;67;8;14;0;107;3;1623;0;0;419;90;311;7;1;19;1.1;0.3;73;0;7;66;0.3;0.3;4;56
Cheese-A-Roni Bake;333;10;411;40;4;20;0;303;3;676;1;0.2;241;57;351;33;2;120;0.4;1;3;4;25;120;0.3;0.4;8;72
Cheesy Broccoli & Rice Squares;183;4;328;24;2;12;1;223;1;289;1;0;112;53;268;16;1;120;0.2;0.4;16;0;73;31;0.1;0.3;1;79
Cheesy Chicken Broccoli and Rice Bake;239;4;405;37;1;14;1;111;2;263;1;0.1;120;31;195;19;1;37;0.4;0.3;13;0;20;123;0.2;0.2;4;33
Cheesy Swiss Steak;186;8;391;8;1;21;0;57;2;326;0;0.1;88;23;177;22;4;153;0.3;1.1;2;1;7;26;0.1;0.2;5;81
Cherry Pineapple Delight;88;0;40;22;1;1;0;15;0;99;0;0;81;12;18;1;0;23;0.1;0;15;0;0;5;0.1;0;0;6
Cherry Puff Pancake;235;10;69;29;2;8;1;72;2;290;2;0.4;101;20;139;18;1;138;0.1;0;5;2;8;68;0.2;0.3;1;122
Cherry Salad;85;0;8;22;2;1;0;13;0;358;0;0;106;19;27;1;0;72;0.2;0;28;0;7;20;0.1;0.1;1;10
Chicken and Beans;166;4;348;16;5;15;0;33;2;458;1;0.1;184;41;182;14;1;15;0.3;0.2;3;1;10;72;0.1;0.2;4;55
Chicken and Broccoli Bake;219;5;492;24;1;19;0;28;2;312;1;0.2;103;29;174;23;1;49;0.6;0.1;17;1;31;93;0.2;0.2;7;48
Chicken and Dumpling Soup;243;6;534;30;4;18;0;73;2;412;1;0.1;150;51;210;27;1;332;0.4;0.3;6;1;38;70;0.3;0.3;10;63
Chicken and Spanish Rice;420;8;490;52;5;35;0;49;2;637;2;0.2;297;123;406;51;2;24;1.3;0.2;10;2;15;27;0.3;0.3;14;99
Chicken Apple Salad Sandwich;278;9;463;38;5;12;0;111;2;361;4;0.4;191;54;172;19;1;16;0.2;0.1;6;2;24;38;0.3;0.2;4;32
Chicken Broccoli Alfredo;386;10;297;41;2;32;1;196;2;433;1;0.1;190;58;362;51;2;101;0.5;0.6;16;1;19;196;0.5;0.4;13;79
Chicken Cacciatore;201;4;272;7;2;32;0;54;2;512;1;0.1;118;44;256;28;1;28;0.8;0.3;10;1;8;19;0.4;0.2;15;95
Chicken Casserole;354;6;403;52;4;22;0;88;3;325;1;0.2;225;48;221;50;0;0;0;0;0;0;0;0;0;0;0;0
Chicken Club Salad;268;11;853;28;6;14;0;127;2;750;3;0.5;245;49;200;21;1;731;0.4;0.2;22;2;135;142;0.2;0.3;4;83
Chicken Mole;425;29;328;14;3;26;0;47;3;427;6;0.3;228;48;275;25;2;148;0.6;0.4;0;3;11;50;0.3;0.3;10;95
Chicken Noodle Soup;287;5;338;34;2;32;17;46;3;537;1;0.1;170;55;346;41;2;326;0.7;0.6;4;1;13;131;0.4;0.3;13;86
Chicken Pasta Salad;235;4;530;30;7;19;0;48;3;423;1;0.1;245;49;203;20;2;45;0.2;0.5;25;1;22;111;0.3;0.2;3;58
Chicken Posole;224;9;440;22;5;15;0;42;1;256;0;0;90;28;118;11;2;333;0.2;0;5;1;15;15;0;0.1;2;44
Chicken Pozole Soup;466;29;855;24;6;27;0;74;4;569;6;0.3;264;66;306;24;3;167;0.7;0.4;5;3;21;27;0.2;0.3;10;102
Chicken Ratatouille;179;6;168;14;5;20;0;84;2;872;2;0.3;322;59;225;19;1;43;0.8;0.2;59;2;38;57;0.7;0.4;10;71
Chicken Rice Salad;274;7;356;27;3;25;0;42;2;593;1;0.1;186;77;277;33;1;117;0.9;0.1;44;1;64;60;0.2;0.2;9;72
Chicken Salad and Peach Sandwich;296;6;522;44;6;18;0;111;2;440;2;0.4;251;65;229;26;2;22;0.5;0.1;5;2;12;44;0.3;0.2;6;48
Chicken Salad with Ramen Noodles;186;9;324;17;5;12;0;70;1;425;0;0;124;44;133;10;1;12;0.4;0;59;2;115;89;0.2;0.1;4;38
Chicken Soup;170;2;226;27;2;12;0;28;2;316;0;0;182;24;144;11;1;86;0.3;0.1;2;0;12;74;0.2;0.2;5;30
Chicken Spaghetti;363;10;958;37;7;33;0;256;3;677;0;0;0;75;403;0;2;0;0;0;74;0;0;0;0;0;0;0
Chicken Spanish Rice;270;8;513;26;3;23;0;64;3;430;2;0.1;171;39;177;20;2;72;0.4;0.8;30;1;10;84;0.7;0.2;4;68
Chicken Stew;227;4;530;14;3;33;0;39;2;671;1;0;155;51;279;28;1;154;0.8;0.3;19;1;12;26;0.2;0.2;15;97
Chicken Stir-Fry;247;7;423;25;2;19;0;33;2;327;2;0.3;120;38;189;21;1;99;0.5;0;24;1;11;88;0.2;0.1;9;54
Chicken Tortilla Casserole;1203;60;6101;109;7;61;11;1230;3;1945;20;2.8;398;158;1300;70;6;479;1;3.5;10;5;152;72;0.5;1.8;9;241
Chicken Vegetable Soup with Kale;177;5;257;17;3;16;0;72;1;514;2;0.2;459;50;181;19;1;313;0.6;0.1;37;1;173;28;0.1;0.2;6;45
Chicken Waldorf Salad;356;16;408;23;3;31;0;109;0;537;9;1.9;364;67;348;30;2;16;0.8;0.5;8;1;29;35;0.2;0.3;14;106
Chicken Rice and Fruit Salad;216;3;431;28;3;19;0;35;1;418;1;0.1;142;53;207;25;1;35;0.7;0.1;4;1;32;26;0.1;0.2;7;55
Chickpea Dip;155;4;333;24;6;8;0;68;2;274;1;0.1;198;35;138;4;1;6;0.2;0.1;3;1;4;72;0.1;0.1;0;37
Chickpeas and Spinach Sauté;193;7;256;28;10;10;0;213;4;721;1;0.3;0;115;166;7;1;634;0.8;0;16;4;461;145;0.2;0.2;2;57
Chili and Spice Seasoning;19;1;34;4;2;1;0;28;1;128;0;0;49;12;20;1;0;111;0.1;0;0;2;10;5;0;0.1;1;3
Chili Bean Dip;45;1;71;6;2;3;0;38;0;99;0;0;48;12;50;2;0;13;0.1;0;0;0;1;36;0;0;0;8
Chili Cheese Hominy;407;6;251;78;5;11;0;159;3;221;1;0.1;154;45;185;19;1;58;0.3;0;10;1;4;188;0.9;0.4;4;24
Chili Tomato Beefy Macaroni;341;15;317;27;4;25;0;167;4;501;1;0.1;205;45;275;35;5;81;0.4;1.9;13;1;5;102;0.8;0.4;6;66
Chili Tomato Macaroni;257;10;264;21;3;21;0;148;3;622;1;0.1;0;46;252;25;4;89;0.5;2.1;15;1;7;63;0.8;0.4;5;74
Chilled Blueberry Soup;140;2;65;28;2;5;0;180;0;338;0;0.1;64;23;146;3;1;15;0.1;0.5;14;0;15;15;0.1;0.2;0;20
Chilled Cantaloupe Soup;69;0;16;16;1;1;0;19;0;414;0;0.1;75;20;28;0;0;164;0.1;0;76;0;2;44;0.1;0;1;12
Chocolate Peanut Butter Frozen Bars;135;4;285;20;1;5;1;94;1;238;1;0;112;26;202;4;1;40;0.1;0.3;0;1;1;17;0.1;0.2;1;18
Chunky Garbanzo Bean Dip;96;4;88;11;3;3;0;18;1;113;2;0.2;94;16;57;2;1;0;0.1;0;1;1;5;35;0;0;0;17
Cinnamon Raisin Almond Balls;232;15;91;24;4;6;0;93;1;366;4;0;328;80;147;1;1;0;0.1;0;1;7;1;8;0.1;0.2;1;16
Cinnamon Vanilla Granola;201;7;82;30;4;5;0;23;2;155;2;0.2;164;58;166;12;2;0;0;0;0;1;5;13;0.2;0;1;16
Cinnamon-Raisin Breakfast Mix;165;4;210;25;2;2;0;55;5;101;1;0.2;64;15;40;1;2;117;0.5;1.3;3;1;6;212;0.2;0.2;2;4
Citrus Chicken;231;15;376;1;0;22;0;25;2;282;3;0.1;63;26;206;24;2;17;0.4;0.4;2;0;7;6;0.1;0.2;6;67
Citrus Salad;48;2;8;8;2;1;0;26;0;191;1;0.1;46;11;22;0;0;34;0.1;0;23;0;19;30;0.1;0;0;9
Citrus Tuna Melt;191;4;408;17;4;21;1;152;2;380;1;0.1;152;48;228;48;1;103;0.3;0;13;1;75;45;0.2;0.2;7;34
Citrus Vegetables;135;2;64;24;8;5;0;49;2;316;0;0.1;154;41;94;1;1;388;0.1;0;8;1;44;36;0.1;0.2;2;44
Classic Honey Flan;179;1;118;36;0;8;2;147;1;247;0;0;43;17;141;19;1;79;0.1;0.7;1;1;0;16;0.1;0.4;0;53
Classic Macaroni and Cheese;170;3;136;25;1;11;0;131;1;121;0;0;88;22;174;24;1;39;0.1;0;1;0;0;94;0.2;0.2;1;30
Cobb Salad with Pears;64;3;86;10;2;2;0;45;1;0;0;0;0;0;0;0;0;360;0;0;14;0;0;0;0;0;0;0
Coffee Cooler;181;3;119;31;0;9;1;313;0;440;0;0;33;32;241;7;1;83;0.1;1.1;1;0;0;17;0.1;0.5;0;38
Collard Green Gumbo with Ham Hock;134;6;183;17;3;4;0;62;1;196;0;0;101;33;76;9;1;99;0.2;0;24;1;153;57;0.1;0.1;2;21
Colorful Quesadillas;156;4;483;19;1;11;0;206;1;217;1;0;69;23;263;10;1;76;0.1;0.3;26;1;38;85;0.2;0.2;1;26
Confetti Bean Salsa;158;1;455;32;8;8;0;48;3;478;0;0.1;247;49;152;1;1;11;0.1;0;5;1;5;91;0.2;0.1;1;37
Confetti Grain Salad;288;11;225;43;5;6;0;41;1;194;1;0.1;217;82;157;15;1;111;0.3;0;12;2;74;27;0.2;0.1;3;27
Confetti Slaw;68;3;41;10;2;3;0;48;0;201;1;0;53;17;56;1;0;131;0.1;0.1;12;0;24;23;0;0.1;1;10
Cooked Beans;106;0;17;19;7;7;0;34;2;285;0;0.1;207;60;112;1;1;0;0.1;0;0;0;0;119;0.2;0.1;0;0
Cookie Cutter Appetizers;289;5;367;50;11;12;0;100;3;494;0;0.1;264;75;228;20;2;436;0.2;0.3;6;1;43;66;0.3;0.4;3;56
Corn and Bean Medley;78;1;98;16;4;4;0;15;1;210;0;0.1;105;22;69;1;1;8;0.1;0;2;0;3;57;0.1;0;1;17
Corn and Green Chili Salad;96;3;297;18;2;3;0;23;1;314;1;0.1;114;38;82;1;0;27;0.2;0;12;0;0;45;0.2;0.1;2;0
Corn and Pepper Cups;118;3;205;21;3;4;0;61;1;203;0;0;137;39;105;7;1;31;0.3;0.1;51;0;0;20;0.1;0.1;2;0
Corn Casserole;214;6;181;41;3;7;17;65;2;262;1;0.1;134;37;136;12;1;29;0.2;0.3;7;0;1;102;0.2;0.2;3;75
Corn Salad;67;1;295;15;2;2;0;15;1;228;0;0;59;17;56;1;0;14;0.1;0;18;0;6;35;0;0.1;1;17
Corn Salad II;120;6;15;18;2;3;0;4;1;254;1;0.1;53;34;82;1;0;9;0.1;0;8;1;5;39;0.1;0.1;2;21
Corn Soup;252;7;497;41;5;11;0;29;2;519;1;0.1;170;55;202;7;3;35;0.4;0;13;1;2;85;0.1;0.2;4;75
Country Style Potato Salad;289;12;331;38;6;8;0;106;2;948;1;0.1;266;62;198;4;1;22;0.6;0.2;49;1;35;66;0.3;0.2;3;40
Cowboy Caviar (Bean Salsa);94;1;244;17;5;5;0;33;2;304;1;0.1;157;30;90;1;1;6;0.1;0;9;1;5;66;0.3;0.1;1;23
Cran-Apple Crisp;204;2;30;47;3;2;0;22;1;140;1;0.1;75;21;53;3;1;13;0;0;4;1;4;6;0.1;0;0;9
Cranberry Salad;267;6;155;52;2;4;0;32;1;141;3;0.8;231;24;76;3;0;6;0.1;0;7;1;7;20;0.1;0.1;0;9
Cream of Broccoli Soup;123;7;509;11;2;4;1;109;1;340;3;0.4;68;20;113;4;1;52;0.1;0.3;47;1;56;46;0.1;0.2;1;23
Cream of Broccoli Soup II;206;8;964;22;4;12;2;325;1;577;2;0.3;111;43;276;10;2;532;0.2;0.8;28;1;82;53;0.1;0.4;1;56
Creamy Chicken Hash;242;9;507;19;2;22;0;35;1;595;1;0.1;118;38;208;23;1;77;0.8;0.2;31;1;5;24;0.1;0.2;8;64
Creamy Italian Herb Dressing;38;1;181;6;0;2;0;68;0;94;0;0;12;7;52;1;0;16;0;0.2;0;0;6;4;0;0.1;0;7
Creamy Peanut Dip;85;6;52;5;1;4;0;40;0;137;1;0;56;24;74;1;1;3;0;0.1;2;1;0;11;0;0.1;1;14
Creole Beans;186;3;132;31;11;11;0;76;4;725;1;0.3;339;64;183;2;1;27;0.3;0;31;1;19;157;0.8;0.1;2;42
Crispy Oven Baked Fries;112;4;6;19;2;2;0;13;1;448;1;0.2;115;24;61;0;0;0;0.3;0;21;0;6;17;0.1;0;1;13
Crispy Taquitos;273;6;282;43;7;14;0;139;1;447;2;0.2;192;75;373;12;1;39;0.5;0.1;30;1;23;32;0.1;0.2;4;36
Crunchy Berry Parfait;396;4;197;86;7;11;2;217;3;486;1;0.1;471;68;294;13;5;260;2.4;7.3;17;2;29;776;0.5;0.8;6;38
Crunchy Chicken Salad;123;2;284;8;1;17;0;38;0;354;0;0;76;24;157;18;1;11;0.5;0.2;9;0;8;14;0.1;0.2;6;47
Crustless Pumpkin Pie;218;7;175;34;2;7;1;174;2;314;2;0.2;95;33;156;8;1;492;0.1;0.3;3;1;13;26;0.1;0.3;1;56
Crusty Rice with Tofu and Vegetables;389;13;215;54;8;17;0;279;4;486;2;0.2;498;137;342;27;3;188;0.4;0;11;1;81;84;0.4;0.2;4;68
Cuban Beans and Rice;384;4;299;72;15;18;0;109;5;858;1;0.1;601;136;375;16;2;7;0.5;0.1;34;2;10;128;0.5;0.2;5;64
Cucumber Yogurt Dip II;70;5;74;3;0;3;0;73;0;116;0;0;20;9;63;1;0;57;0;0.2;1;0;2;7;0;0.1;0;10
Curried Chicken Salad;301;18;438;7;2;27;0;48;2;377;2;0.1;122;35;210;30;3;35;0.4;0.4;3;1;37;18;0.1;0.3;7;77
Curried Chicken with Raisins and Mushrooms;440;6;410;71;6;27;0;63;4;965;1;0.1;574;101;458;45;2;30;1;0.5;22;1;6;32;0.3;0.5;20;117
Curried Potatoes;132;8;116;15;2;2;0;16;1;367;2;0.5;98;20;52;0;0;77;0.2;0;18;2;11;15;0.1;0;1;12
Curried Potatoes with Red Lentils;270;14;344;31;7;8;0;43;3;689;0;0;357;57;183;5;1;170;0.4;0;18;1;4;108;0.2;0.1;2;33
Curried Squash Stew;234;6;167;41;9;9;0;134;4;713;1;0;342;69;156;4;1;283;0.9;0;20;4;20;75;0.2;0.2;2;37
Curry Dip;22;0;35;4;0;1;0;52;0;66;0;0;8;6;41;1;0;12;0;0.1;0;0;0;4;0;0.1;0;6
Curry Vegetable Dip;15;1;20;2;0;1;0;27;0;41;0;0;3;3;23;1;0;19;0;0.1;0;0;2;2;0;0;0;3
Curtido Salvadoreno (Cabbage Salad);46;1;321;9;3;2;0;54;1;253;0;0;34;17;37;0;0;110;0.2;0;43;0;89;53;0.1;0.1;0;14
Dave’s Herb-Stuffed Mushrooms;149;5;199;22;5;6;0;51;2;431;1;0.1;314;32;124;8;1;4;0.2;0;7;1;15;58;0.2;0.3;3;30
Deep Dish Apple Cranberry Pie;158;1;15;37;4;1;0;11;0;137;0;0;53;8;22;1;0;4;0.1;0;0;1;4;0;0.1;0.1;0;6
Delicious Greens;70;4;18;8;3;2;0;84;1;307;0;0;111;24;52;1;0;76;0.2;0;50;2;155;26;0.1;0.1;1;7
Delicious Lentil Stew;221;4;413;36;14;13;0;77;0;825;0;0.1;421;65;279;4;2;420;0.4;0;13;1;15;267;0.6;0.2;2;54
Delicious Tacos;69;1;304;14;2;2;0;27;1;163;0;0;109;23;100;3;0;24;0.2;0;23;0;1;14;0.1;0.1;1;8
Deviled Eggs;134;12;178;0;0;6;1;29;1;71;4;0.5;38;6;101;16;1;81;0.1;0.5;0;1;15;24;0;0.2;0;150
Dirty Rice;308;10;131;43;4;12;0;37;2;267;2;0.3;231;75;204;20;2;16;0.3;0;0;0;0;0;0;0;0;0
Dried Bananas;61;0;1;16;2;1;0;3;0;243;0;0;53;18;15;1;0;2;0.3;0;6;0;0;14;0;0.1;0;7
Drop Biscuits (from Better Baking Mix);123;6;108;14;1;3;0;54;1;73;2;0.3;46;15;70;0;1;14;0;0.1;0;1;6;36;0.1;0.1;1;7
Dutch Apple Yogurt Dessert;123;2;55;24;1;4;0;104;0;230;0;0;116;22;99;2;1;2;0.1;0.3;1;1;1;10;0.1;0.1;0;13
Eagle Nest;143;1;102;32;2;4;0;32;1;195;0;0;115;11;68;3;0;51;0;0.1;1;2;4;16;0.1;0.1;1;11
Easy and Healthy Black Bean Soup;342;3;918;60;19;22;0;170;7;1269;0;0.2;699;122;402;4;2;30;0.3;0.1;1;3;12;193;0.5;0.2;4;86
Easy Beef Supper;390;12;394;46;9;25;0;97;5;958;1;0.1;380;73;278;26;5;39;0.6;0;49;2;13;117;0.4;0.3;6;89
Easy Chicken and Dumplings;237;4;789;24;1;26;0;101;2;407;0;0;138;29;263;32;1;15;0.6;0.3;0;0;0;89;0.3;0.3;10;61
Easy Chicken Pot Pie;189;4;716;26;3;13;0;86;2;256;0;0;0;29;254;0;1;0;0;0;2;0;0;0;0;0;0;0
Easy Eggplant Stir Fry;179;2;110;37;6;5;0;47;1;595;1;0.1;249;74;152;10;1;43;0.5;0;53;1;14;50;0.2;0.1;3;27
Easy Fried Rice;340;9;228;46;5;19;1;50;2;329;2;0.2;248;97;295;36;2;143;0.6;0.3;3;1;31;34;0.2;0.3;6;126
Easy Fruit Salad;64;0;10;15;2;1;0;34;0;173;0;0;59;12;30;1;0;9;0.1;0.1;13;0;1;12;0;0.1;0;8
Easy Greek Salad;79;6;277;4;1;2;0;62;0;169;1;0.1;66;13;49;1;0;57;0.1;0.1;8;1;35;31;0.1;0.1;0;7
Easy Lentil Soup;202;4;353;29;10;14;0;54;4;730;0;0.1;411;49;272;4;2;162;0.3;0.1;9;1;8;205;0.4;0.2;4;47
Easy Mango Salsa;37;0;2;9;1;1;0;12;0;123;0;0;73;7;12;0;0;32;0.1;0;30;1;11;26;0;0;0;5
Easy Marinara Sauce;35;1;28;7;2;1;0;54;1;310;0;0.1;96;23;33;0;0;116;0.2;0;14;1;54;33;0.1;0.1;1;11
Easy No-Cook Salsa;30;0;243;7;3;1;0;58;1;308;0;0;107;16;29;1;0;33;0.2;0;28;1;16;27;0.8;0.1;1;11
Easy Oven Packet Caribbean Tilapia with Pears and Carnival Roasted Potatoes;380;8;220;54;8;28;3;63;3;1298;1;0.1;394;85;296;45;1;20;0.7;1.5;72;2;19;58;0.3;0.2;6;76
Easy Red Beans and Rice;232;2;127;47;8;8;0;64;2;453;1;0.1;303;92;198;16;1;23;0.4;0;26;1;8;64;0.8;0.1;3;33
Easy Rice Pudding;237;1;57;51;1;6;1;132;1;315;0;0;143;29;141;9;1;69;0.1;0.3;1;0;1;92;0.2;0.2;2;18
Easy Stuffed Pasta Shells;250;7;334;29;4;16;0;268;2;461;1;0.2;201;59;259;26;1;238;0.3;0.7;2;3;162;121;0.2;0.3;5;33
Easy-As-A-Mix Pizza (from Better Baking Mix);163;13;314;4;1;8;0;219;0;133;3;0.5;37;14;160;5;1;55;0.1;0.7;1;2;13;8;0;0.1;1;9
Eating Smart Seasoning Mix;17;0;19;3;0;1;0;46;0;81;0;0;9;6;38;1;0;24;0;0.1;1;0;1;4;0;0.1;0;7
Eggplant and Pepper Dip;63;4;76;7;3;1;0;17;1;247;1;0.2;71;16;29;0;0;48;0.2;0;41;1;11;32;0.1;0.1;1;7
Eggs over Kale and Sweet Potato Grits;280;9;410;38;4;12;1;150;3;579;1;0.1;636;53;236;22;1;695;0.4;0.9;24;1;244;104;0.3;0.5;2;130
Elaine’s Green-Mash Potatoes;176;3;0;34;4;5;0;55;1;549;1;0.2;269;37;106;2;1;69;0.4;0.2;13;1;11;27;0.2;0.1;2;30
Enchilada Bake;189;5;455;30;7;8;0;111;2;396;1;0.2;206;52;203;4;1;30;0.2;0.1;8;1;8;58;0.2;0.1;1;27
Enchilada Casserole;370;9;631;56;9;18;0;340;3;608;0;0;322;111;440;17;3;92;0.5;0.3;18;1;12;47;0.2;0.3;4;47
Enchilada Rice;267;10;219;24;2;20;0;88;2;334;1;0.1;143;52;253;20;5;25;0.4;1.8;4;0;1;28;0.1;0.2;5;63
English Muffin Veggie Pizza;220;5;576;34;4;11;0;249;3;392;0;0.1;182;36;179;16;1;0;0.2;0.4;28;0;33;101;0.4;0.3;3;25
European Salad;240;9;450;21;4;20;0;80;3;79;1;0.2;234;71;261;24;2;245;0.7;0;150;2;181;122;0.2;0.2;13;92
Eve’s Tasty Turkey Tetrazzini;353;11;420;35;6;31;1;125;3;475;2;0.1;381;80;383;48;3;87;0.7;0;2;2;8;54;0.3;0.5;11;85
Falafel with Yogurt Sandwich;475;19;408;63;12;18;0;190;5;614;7;0.9;551;100;363;26;3;11;0.4;0.3;7;2;26;214;0.3;0.3;2;70
Fall Veggie Casserole;86;6;313;8;3;2;0;32;0;334;2;0.3;104;19;46;1;0;33;0.2;0;27;1;14;26;0.1;0.1;1;10
Farmers Market Gazpacho;121;1;44;27;7;5;0;89;3;1086;0;0;312;66;128;1;1;232;0.8;0;239;3;43;115;0.3;0.2;3;34
Farmers Market Salsa;95;0;236;19;6;5;0;43;2;400;0;0;190;38;109;1;1;16;0.1;0;14;1;5;58;0.2;0.1;1;25
Fat-Free Apple Crumb Dessert;155;1;7;39;5;1;0;38;1;209;0;0;71;17;36;2;0;4;0.1;0;9;0;4;6;0.1;0.1;0;7
Feather Rolls;103;3;90;16;2;3;0;22;1;90;1;0.2;76;25;81;12;1;13;0.1;0.1;0;0;3;30;0.2;0.1;1;17
Fiesta Hummus;123;4;231;17;4;6;0;69;1;224;2;0;137;27;111;3;1;10;0.1;0.1;7;0;4;50;0.1;0.1;0;27
Fiesta Lettuce Wraps and Pepper Boats;350;12;370;34;5;28;3;78;2;894;2;0.7;224;82;300;49;1;268;0.6;1.6;170;4;56;105;0.3;0.3;7;74
Fiesta Mix;211;7;132;35;5;6;1;295;8;314;2;0;178;58;171;8;6;112;0.8;2;2;4;1;276;0.6;0.6;9;14
Fiesta Rice Salad;210;4;26;35;9;9;0;53;3;618;2;0.3;293;70;184;6;1;160;0.3;0;53;1;42;124;0.2;0.1;2;37
Fish Braised in Green Curry with Potatoes;310;10;410;19;3;38;4;20;3;508;1;0.1;0;39;431;41;1;30;0.3;1.7;6;1;65;17;0.1;0.1;4;108
Fish Tacos;169;3;87;14;3;23;3;46;1;443;1;0.1;119;50;249;46;1;18;0.2;1.5;9;1;21;20;0.1;0.1;4;49
Fish with Spinach;194;6;255;12;6;25;1;220;4;777;0;0.4;313;136;201;39;1;636;0.6;0.9;16;6;561;143;0.2;0.3;4;108
Five Happiness Fried Noodles;421;8;511;73;5;15;0;64;5;375;2;0.1;454;75;254;64;2;126;0.2;0.2;8;1;30;398;0.9;0.5;6;77
Flavored Water;3;0;0;1;0;0;0;3;0;9;0;0;5;1;2;0;0;0;0;0;2;0;0;1;0;0;0;0
Flavorful Fried Rice;237;8;393;30;1;11;1;53;2;223;1;0.5;130;29;145;22;1;153;0.2;0.4;6;1;8;115;0.2;0.3;2;107
Flour Tortillas;115;3;166;19;1;3;0;31;1;27;1;0.2;38;6;37;8;0;0;0;0;0;0;3;73;0.2;0.1;1;3
Food Group Funny Face;503;14;185;78;17;23;0;148;6;1067;3;0.2;707;141;460;8;4;129;0.6;0.1;117;2;74;212;0.8;0.5;9;105
Four Layer Casserole;283;9;103;31;5;20;0;72;3;891;0;0.1;239;57;256;13;4;106;0.7;1.7;29;0;14;37;0.2;0.2;5;75
French Salad Dressing;68;6;110;5;0;0;0;3;0;51;2;0.3;19;3;5;0;0;9;0;0;1;1;7;2;0;0;0;2
French Spinach Frittata;121;8;313;3;1;10;1;95;2;280;1;0.1;112;33;149;21;1;231;0.1;0.8;10;1;161;90;0.1;0.4;0;155
Fresh Fruit with Cinnamon Yogurt Dip;93;1;41;19;2;4;0;125;0;263;0;0;40;17;94;3;1;14;0.1;0.3;27;0;1;22;0.1;0.2;0;14
Fresh Salsa;33;0;152;8;2;1;0;19;1;292;0;0;101;17;36;0;0;48;0.2;0;78;1;13;21;0.1;0.1;1;9
Fresh Tomato Salsa;21;1;99;4;1;1;0;7;0;103;0;0;27;5;12;0;0;14;0.1;0;9;0;3;7;0;0;0;3
Fresh Tomato Sauce;301;5;83;52;5;12;0;100;3;524;1;0.2;262;51;166;38;1;126;0.3;0.1;34;1;22;196;0.5;0.3;3;23
Fried Rice;215;8;311;26;3;11;0;33;1;244;2;0.3;144;58;174;20;1;114;0.4;0.2;16;1;16;25;0.1;0.2;3;71
Frosted Cake;253;5;136;48;1;4;0;75;2;105;1;0;119;17;92;6;1;66;0;0;0;1;3;63;0;0;1;42
Frozen Banana Pops;56;0;1;14;2;1;0;4;0;227;0;0;50;17;14;1;0;3;0.2;0;9;0;0;14;0;0.1;0;6
Frozen Fruit Cups;67;0;23;15;1;2;0;63;0;183;0;0;39;15;52;3;0;2;0.1;0.2;10;0;1;11;0;0.1;0;10
Frozen Fruit Pops;121;1;38;27;1;3;0;107;0;285;0;0;126;23;84;2;1;10;0.1;0.3;25;0;0;29;0.1;0.1;0;14
Frozen Pear Pops;97;1;47;19;1;4;0;120;0;266;0;0;62;17;100;2;1;11;0.1;0.3;19;0;0;28;0.1;0.2;0;13
Fruit & Feta Salad;221;15;223;18;2;6;0;155;2;631;3;0.2;246;79;158;4;2;391;0.3;0.3;49;3;227;117;0.2;0.3;2;26
Fruit and Peanut Butter Dip;181;8;73;25;4;6;0;60;1;457;2;0;168;49;118;2;1;4;0.2;0.1;26;2;7;33;0.1;0.1;2;26
Fruit and Yogurt Breakfast Shake;168;1;43;37;3;4;0;127;1;531;0;0.1;139;42;113;4;1;10;0.4;0.3;71;0;2;45;0.1;0.2;1;21
Fruit Cole Slaw;180;0;244;44;3;4;0;121;1;393;0;0;92;28;100;2;1;16;0.2;0.3;32;0;60;44;0.1;0.2;1;20
Fruit Crisp;167;7;99;26;2;2;0;12;1;100;1;0.6;51;12;37;4;0;2;0;0;3;1;6;28;0.1;0.1;1;5
Fruit Dip;135;1;42;30;4;4;0;117;0;348;0;0;92;21;105;3;1;16;0.1;0.3;12;0;4;17;0.1;0.2;1;17
Fruit Dippers;99;3;37;17;2;3;0;64;0;278;1;0;70;24;74;2;1;26;0.2;0.2;19;0;3;21;0.1;0.1;1;13
Fruit Juice Slush;25;0;5;6;0;0;0;8;0;83;0;0;32;8;9;0;0;1;0;0;21;0;0;2;0;0;0;4
Fruit Kabob;84;0;3;22;2;0;0;12;0;329;0;0;87;26;24;1;0;49;0.3;0;25;0;0;15;0.1;0.1;1;11
Fruit Kabobs with Yogurt Dip;61;0;18;14;2;2;0;56;0;230;0;0;106;16;50;1;0;8;0.1;0.1;45;0;11;18;0.1;0.1;0;10
Fruit Milk Shakes;214;1;150;42;3;11;3;368;0;906;0;0;127;67;317;10;1;199;0.5;1.3;11;0;1;38;0.2;0.6;1;59
Fruit Pizza To Go;157;2;352;29;5;9;0;230;2;246;0;0;158;50;277;25;1;9;0.1;0.2;18;0;3;42;0.2;0.2;2;23
Fruit Salad with Yogurt;171;4;88;28;4;8;0;264;1;527;1;0.1;165;49;221;3;1;20;0.2;0.7;78;1;10;47;0.1;0.4;1;30
Fruit Slush;37;0;22;9;1;1;0;14;0;287;0;0.1;57;14;17;0;0;176;0.1;0;40;0;3;23;0;0;1;8
Fruit Smoothie;218;2;78;46;3;7;1;207;1;714;0;0;132;47;189;6;1;29;0.3;0.6;19;1;3;29;0.1;0.3;1;30
Fruit Smoothie II;178;2;100;33;4;8;1;293;1;693;0;0.1;128;51;233;8;1;84;0.3;0.9;72;1;4;48;0.1;0.4;1;44
Fruit Snake;108;0;1;28;3;1;0;6;0;431;0;0;96;32;27;1;0;4;0.4;0;10;0;1;24;0;0.1;1;12
Fruit Sorbet;53;0;5;14;2;1;0;7;0;155;0;0;61;9;21;0;0;23;0;0;4;1;2;4;0;0;1;5
Fruit Yogurt Parfait;379;9;81;67;5;11;1;220;2;759;3;0.2;434;93;313;13;2;17;0.4;0.6;9;4;14;49;0.3;0.4;1;42
Fruit Yogurt Pops;26;0;9;5;1;1;0;27;0;74;0;0;27;6;25;1;0;2;0;0.1;18;0;1;9;0;0;0;4
Fruity Homemade Oatmeal;181;3;15;37;5;5;0;42;2;260;1;0;189;52;142;9;2;2;0.1;0;3;0;3;12;0.1;0.1;1;15
Fruity Thai Pita Pockets;370;17;550;42;6;13;0;80;3;597;5;0.1;398;116;291;23;2;161;0.4;0.1;54;4;152;106;0.2;0.2;6;51
Fudgy Fruit;151;6;2;24;4;3;0;16;1;378;2;0.1;168;45;63;2;1;2;0.3;0;27;1;1;36;0.1;0.1;2;15
Full of Beans Hot Dish;304;6;441;43;8;21;0;86;4;708;0;0.2;333;74;279;14;4;5;0.3;1.3;4;1;6;103;0.2;0.2;3;77
Garden Cannellini Bean Salad;250;9;60;33;9;11;0;100;4;1695;2;0.2;901;201;360;3;4;106;0.3;0;54;7;94;243;0.4;0.3;2;95
Garden Chili;238;8;413;20;5;21;0;53;4;805;1;0.1;245;57;244;15;5;65;0.5;1.9;26;2;21;75;0.2;0.2;7;80
Garden Frittata;180;7;240;22;3;9;1;80;3;900;1;0.2;0;65;226;17;1;434;0.6;0.6;126;2;477;72;0.2;0.4;2;140
Garden Orchard Salad;106;5;44;13;3;5;0;77;1;324;1;0;109;32;101;2;1;146;0.1;0.1;33;1;44;47;0.1;0.1;2;22
Garden Pasta Salad;34;1;98;5;1;1;0;6;0;48;0;0.1;29;5;13;3;0;4;0;0;7;0;0;0;0;0;0;0
Garden Vegetable Soup;55;1;701;11;4;3;0;77;2;461;0;0.1;123;27;64;1;0;199;0.2;0.1;30;1;45;42;0.4;0.1;2;25
Garden Waldorf Salad;165;6;122;23;5;8;0;165;1;646;1;0;129;50;189;5;1;298;0.3;0.3;72;1;91;87;0.1;0.3;2;45
Garlic Bok Choy;70;4;570;8;3;5;0;303;2;726;1;0.3;74;54;111;2;1;624;0.6;0;128;1;131;185;0.1;0.2;1;19
Garlic Ginger Ramen with Beef;230;9;525;26;4;12;0;45;3;304;1;0;152;34;131;12;2;166;0.2;0;4;1;38;52;0.2;0.2;4;43
Garlic Stuffed Chicken;240;15;98;3;0;23;0;34;2;341;0;0;99;28;219;25;2;40;0.5;0.4;13;0;97;14;0.1;0.2;6;69
Gazpacho;170;10;160;18;2;3;0;54;1;504;1;0.1;179;29;83;5;1;80;0.3;0.1;51;2;23;59;0.2;0.1;2;36
Gazpacho Soup;93;6;263;9;3;2;0;33;1;417;2;0.3;136;25;47;1;0;44;0.3;0;50;2;23;23;0.1;0.1;3;15
Ginger Bread Mix;492;1;614;109;4;11;0;42;5;141;0;0;163;27;112;35;1;0;0.1;0;0;0;1;291;0.8;0.5;6;11
Glazed Carrots;80;4;102;11;3;1;0;35;0;322;1;0.2;50;13;35;0;0;874;0.1;0;6;1;18;19;0.1;0.1;1;9
Glazed Meatloaf;228;7;454;12;2;31;0;45;3;519;1;0.1;186;56;343;0;3;53;1;0.9;16;1;9;28;0.2;0.3;10;125
Golden Split Pea Soup;238;3;60;42;11;14;0;43;2;926;1;0.1;379;62;210;1;2;0;0.4;0.1;20;0;10;87;0.3;0.1;4;51
Grandma's Stuffing;140;2;306;22;3;8;1;136;1;225;1;0.1;118;41;156;15;1;39;0.1;0.3;1;1;6;28;0.2;0.2;2;38
Granola Bars;168;7;44;24;2;4;0;14;1;171;2;0;120;39;100;4;1;22;0.1;0;0;1;1;13;0.1;0;2;16
Grape and Cashew Salad Sandwich;380;16;430;45;6;19;0;150;4;556;2;0.1;839;126;341;33;3;89;0.3;0;9;1;108;80;0.4;0.3;3;47
Grape Salsa;17;0;74;4;0;0;0;5;0;63;0;0;35;3;8;0;0;5;0;0;10;0;10;4;0;0;0;2
Grapefruit Spinach Salad;132;9;294;11;2;2;0;38;1;310;3;0.6;136;32;42;2;0;145;0.1;0;38;2;119;57;0.1;0.1;1;19
Great Northern Bean Soup;327;7;260;41;13;25;0;153;6;1027;2;0.4;513;110;272;15;3;16;0.4;0;5;0;0;0;0;0;0;0
Greek Pork Chops;155;7;337;1;0;20;0;23;1;315;1;0;71;22;209;32;2;2;0.4;0.5;0;1;11;2;0.5;0.2;6;75
Greek Salad with Chicken;173;7;522;12;6;18;0;208;2;836;1;0.1;333;57;214;14;2;462;0.5;0;24;2;338;220;0.2;0.3;4;57
Green Bean and Mushroom Medley;111;8;245;8;3;3;0;42;1;340;0;0;228;32;88;4;1;142;0.2;0;8;2;12;29;0.1;0.3;2;19
Green Bean and Rice Casserole;114;2;183;21;3;3;0;47;2;210;1;0.2;104;20;45;4;0;0;0;0;0;0;0;0;0;0;0;0
Green Bean Saute;32;0;175;6;2;2;0;34;1;153;0;0.1;76;13;33;2;0;13;0.1;0;4;0;28;26;0;0.1;1;14
Green Beans and New Potatoes;204;0;112;46;8;6;0;65;2;1105;0;0.1;298;69;157;1;1;22;0.7;0;49;0;14;58;0.2;0.2;3;39
Green Beans with Tomatoes and Basil;73;3;87;12;5;3;0;69;2;395;0;0.1;121;37;59;1;0;56;0.3;0;24;1;31;47;0.5;0.2;1;22
Green Onion Omelet;184;7;283;16;3;15;1;43;1;363;2;0.2;110;21;110;15;1;30;0.3;0;7;1;9;16;0.1;0.3;2;58
Grilled Asparagus and Shrimp Quinoa Salad with Lemon Vinaigrette;460;16;420;51;7;29;0;200;6;860;4;0.4;752;192;552;33;4;96;0.6;0.8;54;6;56;216;0.4;0.4;4;156
Grilled Cheese with Peaches;376;11;719;47;8;25;0;468;6;1055;3;0.6;380;168;473;24;3;727;0.4;0.3;40;6;696;313;0.4;0.5;4;55
Grilled Chicken and Avocado Quinoa Pilaf;460;16;240;54;7;28;0;60;5;1047;4;0.3;603;180;540;0;4;82;1.1;0.3;60;4;32;170;0.3;0.5;14;131
Grilled Fish Tacos with Peach Salsa;330;5;380;44;3;27;3;104;3;590;1;0.1;239;53;267;59;1;96;0.3;1.5;34;3;10;119;0.4;0.3;7;53
Grilled Fruit;104;0;1;27;2;1;0;17;0;337;0;0;136;27;24;1;0;11;0.2;0;15;0;2;14;0.1;0.1;1;11
Grilled Pineapple Ginger Glazed Chicken with Zucchini and Peppers;460;8;396;66;7;34;0;98;3;833;1;0.2;455;109;362;50;2;112;1;0.3;145;2;18;89;0.4;0.3;14;103
Grilled Vegetable Packets;133;0;144;29;4;4;0;38;2;868;0;0.1;222;51;132;1;1;12;0.6;0;54;0;7;51;0.2;0.2;2;26
Grilled Vegetables;149;5;48;25;4;3;0;45;1;459;2;0.3;161;41;87;1;1;480;0.2;0;11;1;69;48;0.1;0.1;1;21
Ground Beef Stew;252;3;525;41;7;16;0;68;3;1136;0;0.1;340;61;222;14;4;779;0.7;1.3;39;1;17;45;0.2;0.2;6;70
Ham and Swiss Breakfast Casserole;251;11;0;17;2;20;1;332;2;245;1;0.2;146;37;334;26;3;111;0.2;1.6;0;0;2;42;0.4;0.4;2;83
Hearty Beef Soup;130;4;214;10;2;8;0;29;1;275;1;0.2;0;16;48;0;1;41;0.2;0.2;20;1;18;26;0.1;0.1;1;20
Hearty Mashed Potatoes;221;2;185;41;7;10;0;117;2;798;1;0.1;284;58;211;4;1;26;0.5;0.2;29;0;5;71;0.2;0.2;2;45
Hearty Mexican Soup;309;1;322;62;19;16;0;140;6;1360;0;0.1;642;117;323;4;2;13;0.6;0;41;2;16;162;0.5;0.4;3;72
Hearty Vegetable Beef Soup;173;3;331;25;6;12;0;73;3;478;0;0;228;43;150;15;2;217;0.3;0.5;16;1;29;76;0.8;0.3;4;62
Hearty Vegetable Salad with Herb Dressing;174;9;281;19;6;6;0;56;3;456;3;0.5;209;38;114;2;1;138;0.2;0;37;1;46;109;0.1;0.1;1;40
Heavenly Deviled Eggs;90;6;174;1;0;6;40;25;1;65;1;0.1;0;5;86;16;1;7;0.1;0.6;0;1;2;22;0;0.3;0;113
Herb Broiled Beef;155;5;83;2;0;24;0;21;2;229;0;0;95;21;155;25;6;8;0.2;1.7;3;0;34;14;0.1;0.2;4;92
Herb Spinach Bake;133;6;253;15;2;6;0;146;2;255;0;0.1;153;66;138;8;1;317;0.1;0.2;8;1;249;55;0.1;0.2;1;21
Herbed Garden Pizza;300;17;300;42;8;10;0;200;3;430;1;0.1;276;59;264;25;2;123;0.3;0.2;12;2;82;62;0.2;0.2;3;27
Herbed Spinach Quiche Portabella Caps;190;6;330;14;4;17;9;203;3;648;1;0.2;420;61;270;45;2;377;0.3;0.8;1;2;277;128;0.3;0.7;5;131
Herbed Vegetables;50;2;283;6;2;2;0;20;1;187;1;0.1;48;11;28;0;0;371;0.1;0;3;1;14;16;0;0;0;12
Hiding Rabbits;103;9;74;4;2;4;0;17;0;208;2;0;87;34;78;1;1;4;0.1;0;7;2;7;25;0;0;2;22
Homemade Cranberry Sauce;122;0;1;31;2;0;0;10;0;62;0;0;32;4;7;0;0;3;0;0;14;0;2;5;0;0;0;3
Homemade Mashed Potatoes;92;5;347;11;1;2;0;45;0;273;1;0.1;63;16;60;1;0;61;0.2;0.2;11;0;6;10;0.1;0.1;1;13
Homemade Pizza Crust;137;2;148;25;1;5;0;6;2;44;1;0.1;70;9;40;14;0;0;0;0;0;0;1;122;0.4;0.2;3;4
Homestyle Biscuits;96;3;146;15;0;2;0;51;1;35;1;0.2;25;5;41;6;0;2;0;0;0;0;3;49;0.1;0.1;1;4
Honey Baked Lentils;321;3;44;52;15;23;0;57;7;839;0;0.1;514;77;388;10;4;153;0.5;0;5;0;9;334;0.3;0.2;4;82
Honey Lemon Chicken;115;3;317;15;0;8;0;7;1;102;1;0.1;35;11;77;8;0;5;0.2;0;3;0;4;26;0.1;0.1;3;0
Honey Milk Balls;41;2;25;5;0;1;0;26;0;61;0;0;20;9;34;1;0;19;0;0.1;0;0;0;12;0;0;1;6
Honey Mustard Dressing;92;8;50;5;0;0;0;4;0;18;3;0.5;8;3;6;1;0;0;0;0;0;1;9;1;0;0;0;1
Honey Mustard Pork Chops;238;6;280;4;0;38;1;18;1;393;1;0.1;121;34;297;53;3;5;0.7;0.8;10;0;1;8;0.7;0.3;13;133
Honeydew Summer Salad Wedges;93;0;74;22;1;2;0;13;0;313;0;0.1;58;16;33;2;0;4;0.1;0;33;0;4;29;0.1;0;1;11
Hooked on Salmon Sticks;112;5;262;5;0;11;7;106;1;173;1;0.2;47;16;175;18;0;22;0.1;2.2;0;1;3;22;0.1;0.1;3;59
Hoppin' John (Sausage Black-Eyed Peas and Rice);224;3;999;43;7;7;0;148;2;565;1;0.2;265;95;139;16;2;47;0.3;0.1;21;1;31;141;0.2;0.2;3;56
Horchata;259;1;22;59;1;4;0;57;1;80;0;0;106;19;70;9;1;14;0.1;0.1;0;0;0;105;0.2;0.1;2;7
Hot 'N Spicy Seasoning;2;0;0;0;0;0;0;6;0;8;0;0;6;2;2;0;0;1;0;0;0;0;4;1;0;0;0;0
Huevos Motuleños;352;7;322;50;12;25;0;105;4;881;2;0.3;439;104;383;31;3;25;0.5;0;11;2;24;248;0.5;0.4;3;90
Huevos Rancheros with Fresh Salsa;204;10;713;16;3;14;1;114;2;364;2;0.2;140;40;239;25;1;129;0.3;0.5;13;1;11;42;0.1;0.4;1;157
Hummus;117;6;102;13;4;4;0;29;1;141;1;0.1;139;20;78;2;1;1;0.1;0;3;1;4;42;0.1;0;0;20
Indian Vegetable and Rice Skillet Meal;171;1;19;34;5;6;0;32;2;372;0;0.1;188;38;107;5;1;78;0.2;0;10;0;13;104;0.2;0.1;2;24
Instant Chocolate Mousse;183;4;435;29;1;8;1;176;2;247;2;0.3;338;45;121;9;1;40;0.1;0.6;0;0;4;40;0.1;0.2;1;39
Italian Bean Patties;140;5;168;19;4;5;0;50;2;181;2;0.3;129;25;87;6;1;11;0.1;0.1;1;1;8;53;0.2;0.1;1;31
Italian Bean Soup;137;1;491;27;7;8;0;68;3;0;0;0;0;0;0;0;0;0;0;0;18;0;0;0;0;0;0;0
Italian Broccoli and Pasta;194;1;37;39;4;8;0;76;3;420;0;0;222;44;132;28;1;22;0.2;0;42;1;52;201;0.5;0.3;4;21
Italian Pasta Salad;135;1;183;27;3;5;0;28;1;195;0;0;109;22;80;19;1;157;0.1;0;33;1;32;108;0.2;0.2;2;11
Italian Style Vegetables;102;4;15;16;4;3;0;39;1;360;1;0.1;73;29;71;0;1;23;0.2;0;34;1;50;51;0.1;0.1;1;25
Italian Vegetables;316;2;176;61;5;12;0;56;3;434;1;0.1;262;56;150;47;1;22;0.3;0;27;1;32;246;0.5;0.3;5;31
Ivory Coast Bananas with Caramel Sauce;178;6;14;32;2;2;0;36;0;249;0;0;50;19;36;1;0;63;0.2;0;5;0;1;13;0;0.1;0;10
Jiffy Oatmeal Crunch;83;3;49;13;1;1;0;10;0;64;1;0.2;39;10;27;2;0;31;0;0;0;1;4;2;0;0;0;3
Jollof Rice;284;11;113;33;2;13;0;47;3;544;2;0.1;271;39;164;15;1;56;0.4;0.2;16;2;7;98;0.4;0.2;6;47
Julia’s Sauteed & Steamed Collards;54;4;15;5;3;2;0;111;0;135;0;0.1;37;8;10;1;0;242;0.1;0;26;2;373;120;0;0.1;1;17
Kale Chips;52;4;17;4;1;2;0;67;1;219;0;0.1;670;21;41;0;0;223;0.1;0;54;1;317;14;0.1;0.1;0;0
Kale Salad with Yogurt Dressing;304;22;129;17;4;18;0;200;4;714;6;0.2;1400;198;461;5;3;345;0.3;0;104;2;484;43;0.1;0.2;2;26
Kelly's Herbed Lentils and Rice Casserole;267;4;673;42;10;16;0;155;4;597;0;0.1;396;80;351;13;2;23;0.4;0.4;15;0;8;195;0.3;0.2;3;50
Layered Black Bean Dip;61;2;116;7;2;3;0;57;1;149;0;0;81;17;73;1;0;21;0;0.1;1;0;5;27;0.1;0;0;11
Leaf Finger Salad;135;9;87;12;4;3;0;41;1;464;3;0.1;268;37;145;7;1;264;0.2;0;8;3;18;88;0.1;0.1;1;16
Leafy Tofu;77;5;317;2;1;6;0;155;2;234;2;0.3;176;46;102;7;1;94;0.1;0;6;1;101;53;0.1;0.1;0;23
Lemon Corn Cake;164;2;351;33;1;4;0;116;1;115;1;0.1;44;21;103;9;0;17;0.1;0.2;1;0;1;38;0.1;0.2;1;18
Lemon Potatoes;188;7;10;29;4;3;0;22;1;694;0;0;179;38;93;1;0;0;0.5;0;39;1;16;28;0.1;0.1;2;20
Lemon Spinach;15;0;48;3;1;2;0;60;2;341;0;0.1;81;48;30;1;0;281;0.1;0;18;1;290;117;0.1;0.1;0;12
Lemon Velvet Supreme;138;1;189;29;0;4;0;128;0;191;0;0;64;16;161;4;1;12;0.1;0.4;6;0;1;14;0.1;0.2;1;14
Lemonade;108;0;8;28;0;0;0;8;0;49;0;0;27;5;4;0;0;0;0;0;18;0;0;9;0;0;0;2
Lentil Barley Soup;155;1;139;30;9;9;0;56;4;543;0;0;320;50;195;5;2;219;0.3;0;8;1;21;180;0.2;0.1;2;38
Lentil Chili;181;5;236;22;9;14;0;77;4;681;0;0.1;284;49;213;9;3;47;0.5;0.8;21;2;7;136;0.9;0.2;3;55
Lentil Minestrone;167;3;82;29;8;8;0;144;4;896;0;0.1;988;69;186;2;1;714;0.5;0;76;2;327;123;0.2;0.2;2;33
Lentil Spaghetti Sauce;251;8;85;23;7;21;0;60;4;846;1;0.2;288;57;263;15;5;44;0.6;1.7;5;3;20;113;0.2;0.2;9;82
Lentil Stew;161;2;183;28;12;10;0;80;4;695;0;0.1;353;54;210;4;2;379;0.4;0;19;1;11;189;0.9;0.2;2;44
Lentil Tacos;189;1;57;34;12;14;0;53;6;843;0;0.1;486;67;276;6;2;32;0.4;0;20;2;9;250;0.3;0.2;2;57
Lentil Vegetable Salad;201;10;259;24;7;7;0;29;3;420;1;0.1;189;35;130;3;1;231;0.3;0;9;2;27;106;0.2;0.1;2;30
Lentil Vegetable Soup;168;5;571;22;8;9;0;37;3;480;2;0.3;284;43;179;3;1;14;0.2;0;2;2;14;170;0.2;0.1;3;36
Lisa's Famous Dessert;108;0;221;23;1;4;1;134;0;275;0;0;46;20;198;3;1;39;0.2;0.5;3;0;0;12;0.1;0.2;0;17
Lite Fried Okra;24;1;76;4;2;1;0;41;0;150;0;0.1;56;29;31;0;0;18;0.1;0;12;0;17;30;0.1;0;1;6
Lite Italian Dressing;67;7;54;0;0;0;0;12;0;17;3;0.4;6;2;7;0;0;1;0;0;0;1;9;1;0;0;0;0
Louisiana Green Beans;77;1;649;14;8;4;0;123;3;484;0;0.3;150;41;70;2;1;63;0.2;0;27;1;89;73;0.6;0.2;1;40
Low Calorie Dressing;8;0;239;2;0;0;0;5;0;85;0;0;23;4;7;0;0;7;0;0;8;0;1;7;0;0;0;3
Mac and Beans Medley;340;8;336;54;13;14;0;108;5;773;3;0.5;448;81;236;21;1;35;0.4;0;38;3;17;189;1.1;0.2;3;49
Macaroni & Cheese with Broccoli;280;4;277;40;3;19;1;280;2;290;0;0.1;136;40;340;36;2;79;0.2;0.6;26;0;30;156;0.4;0.4;2;32
Macaroni Chick-Pea Soup;343;5;251;60;9;18;0;83;4;622;2;0.1;462;66;256;30;2;14;0.3;0.2;10;1;10;204;0.4;0.3;6;56
Magic Crust Quiche;215;8;407;22;4;13;1;213;2;274;2;0.2;97;30;322;13;1;211;0.1;0.6;3;1;18;73;0.2;0.5;2;95
Magical Fruit Salad;99;0;131;24;1;2;0;54;0;215;0;0;88;17;103;2;0;24;0.1;0.2;7;0;3;8;0.1;0.1;0;11
Main Dish Salad;157;2;315;26;9;12;0;166;3;867;0;0.2;258;65;246;6;2;275;0.4;0.1;131;1;182;178;0.2;0.3;2;51
Mango Berry Rotini Salad;430;15;400;65;14;12;0;150;2;287;1;0.2;239;49;147;18;1;115;0.3;0.3;42;3;91;54;0.2;0.3;1;22
Mango Cucumber Soup;170;1;45;33;3;11;0;150;0;397;0;0;173;27;107;3;1;49;0.2;0.3;72;1;12;25;0.1;0.2;1;20
Mango Salsa;17;0;73;4;0;0;0;4;0;50;0;0;30;3;5;0;0;14;0;0;11;0;1;12;0;0;0;2
Mango Shake;109;1;55;21;2;5;1;160;0;376;0;0;94;27;130;5;1;100;0.2;0.6;21;1;2;34;0.1;0.3;1;28
Manhattan Clam Chowder;98;1;347;14;2;9;0;55;2;427;0;0;122;31;121;16;1;240;0.2;5.2;18;1;16;31;0.1;0.1;2;46
Maple Sweet Potatoes;150;0;85;35;4;3;0;81;1;514;0;0;204;38;87;1;1;923;0.3;0.1;7;0;2;18;0.1;0.2;1;19
Marinated Beef;219;18;310;1;0;14;0;6;1;131;5;0.8;41;10;92;15;2;0;0.2;0.8;3;2;16;6;0;0.1;3;55
Marinated Three-Bean Salad;253;1;957;46;15;16;0;97;6;922;0;0.4;486;92;278;5;2;24;0.3;0.1;21;0;53;225;0.3;0.2;1;70
Mashed Parsnips and Potatoes;142;2;229;28;5;3;0;55;1;650;0;0;173;40;113;2;1;28;0.4;0;29;1;12;48;0.1;0.1;1;29
Mashed Sweet Potatoes;113;0;217;26;4;2;0;43;1;442;0;0;200;33;62;1;0;922;0.3;0;3;0;6;15;0.1;0.1;1;16
Mashed Taters;175;2;81;36;3;4;0;33;1;475;1;0.2;93;31;79;6;0;42;0.3;0;33;1;7;20;0.4;0.1;3;26
Masur Dal (Red Lentils with Onion);107;5;199;12;4;5;0;18;2;242;2;0.3;149;23;93;1;1;8;0.2;0;31;1;8;87;0.1;0.1;1;17
Matzo Meal Kugel (Pudding);241;7;251;38;1;7;1;114;1;166;1;0;33;16;126;15;1;111;0.1;0.5;0;0;1;15;0.1;0.3;1;61
Meatball Soup;252;7;421;30;7;17;0;111;4;488;1;0.1;251;71;227;19;4;230;0.4;0;8;1;45;44;0.2;0.3;5;105
Meatloaf;292;14;262;26;2;18;9;21;2;366;1;0;120;40;202;17;4;7;0.3;0;0;0;1;44;0.1;0.2;5;81
Meaty Stuffed Potatoes;326;2;208;49;7;28;1;215;3;1360;0;0;324;87;427;24;2;236;1.1;0.6;71;0;37;77;0.3;0.4;7;91
Mediterranean Chicken and White Bean Salad;297;11;288;31;8;20;0;138;6;820;1;0.1;408;93;201;0;3;9;0.3;0.1;9;2;41;105;0.2;0.2;2;67
Mediterranean Roasted Eggplant with Tomato Sauce;112;2;36;23;9;4;0;71;1;871;0;0.1;278;53;111;2;1;26;0.4;0.1;8;2;19;70;0.1;0.2;4;30
Melon Salsa;19;0;6;5;0;0;0;5;0;95;0;0;20;5;8;0;0;2;0;0;9;0;2;8;0;0;0;3
Mexican Chicken Soup;374;6;278;19;6;57;0;65;3;848;1;0.1;261;85;481;49;2;36;1.2;0.6;13;1;8;122;0.3;0.2;23;167
Mexican Pinwheels;147;6;311;20;1;4;0;57;1;89;1;0;63;10;57;8;0;36;0;0;3;0;2;65;0.2;0.1;1;7
Mexican Pozole Soup;313;14;428;16;2;30;0;36;4;425;1;0;211;36;245;27;9;9;0.4;2.2;7;1;6;40;0.3;0.3;4;115
Mexican Rice;243;5;235;44;2;6;0;44;2;295;1;0.2;189;27;106;11;1;13;0.3;0.1;21;1;6;141;0.5;0.1;4;12
Mexican Rice II;237;2;359;47;6;7;0;61;3;505;1;0.1;222;50;130;9;1;281;0.3;0;14;0;0;129;0.3;0.2;5;0
Mexican Vegetables;70;1;246;16;2;2;0;28;1;255;0;0;114;19;48;1;0;12;0.1;0;12;1;4;28;0.1;0.1;1;18
Microwave Baked Apple;216;0;10;57;5;1;0;42;1;266;0;0;72;13;25;0;0;6;0.1;0;10;0;5;7;0;0.1;0;8
Microwave Baked Potato;164;0;13;37;5;4;0;26;2;897;0;0;230;49;121;1;1;0;0.6;0;42;0;4;34;0.2;0.1;2;26
Microwave Cauliflower and Peas in Cream Sauce;53;1;180;8;2;3;0;42;1;174;0;0;49;14;60;2;0;49;0.1;0.1;19;0;12;41;0.1;0.1;1;26
Microwave Denver Scramble Slider;240;6;550;29;4;16;1;80;3;335;1;0.1;224;56;337;46;2;77;0.3;0.8;36;1;3;57;0.4;0.4;4;155
Microwave Potato Corn Chowder;348;14;500;50;5;10;2;172;2;792;4;0.8;188;54;237;8;1;189;0.4;0.6;23;2;15;82;0.2;0.3;2;55
Migas Crumbs;398;21;560;38;3;14;1;151;3;213;4;1;147;24;225;32;1;86;0.2;0.5;8;2;11;145;0.4;0.4;3;155
Minestrone Soup;172;1;214;34;10;9;0;95;4;253;0;0;140;0;49;0;0;0;0;0;14;0;0;9;0;0;0;0
Mini Caprese Bites;24;1;53;1;0;2;0;71;0;52;0;0;17;5;51;1;31;19;0;0.1;2;0;6;4;0;0;0;2
Mixed Fruit Salad;157;0;8;41;4;1;0;23;1;300;0;0;177;25;27;1;0;34;0.2;0;22;1;4;13;0.1;0.1;1;12
Mixed Grain Bread;103;2;119;20;1;2;0;7;1;42;1;0.1;45;10;35;8;0;0;0;0;0;0;2;60;0.2;0.1;1;3
Mock Sour Cream;21;1;76;1;0;3;0;24;0;25;0;0;8;2;40;2;0;6;0;0.1;0;0;0;3;0;0.1;0;4
Mousse a la Banana;98;1;47;19;1;4;0;124;0;305;0;0;42;23;105;3;1;14;0.2;0.4;4;0;0;15;0;0.2;0;15
Mozz Totz;67;1;292;6;1;10;0;298;0;89;0;0;32;15;207;7;1;45;0.1;0.3;0;0;3;12;0.1;0.1;1;8
Mozzarella Chicken with Garlic Spinach;310;12;364;9;2;41;0;307;3;697;1;0.3;170;96;423;35;2;384;0.8;1;20;2;345;156;0.2;0.4;15;104
Muffins (from Better Baking Mix);141;6;96;20;1;3;0;48;1;67;2;0.3;43;13;67;7;1;19;0;0.1;0;1;5;32;0.1;0.1;1;18
Mushroom Barley Soup;187;5;93;31;5;7;0;44;2;511;2;0.2;328;31;149;10;1;261;0.2;0.1;6;1;29;34;0.1;0.3;6;27
Mushroom Beef Sloppy Joes;280;11;240;37;6;13;0;80;1;837;3;0.5;644;65;269;35;3;53;0.5;0.7;6;4;15;45;0.2;0.7;10;60
Mushroom Steak Fajitas;430;16;590;46;7;27;0;60;2;829;1;0.1;426;78;344;51;5;87;0.8;0.9;30;2;16;87;0.3;0.5;10;94
Naan;73;2;119;13;0;2;0;5;1;21;0;0;31;4;20;7;0;12;0;0;0;0;0;49;0.2;0.1;1;5
New England Johnny Cake;114;3;148;19;1;3;0;57;1;56;1;0.2;30;11;60;6;0;17;0;0.1;0;0;3;34;0.1;0.1;1;17
New Orleans Red Beans;202;1;315;37;10;13;0;84;4;701;0;0.2;372;70;215;2;2;13;0.3;0;22;0;47;197;0.3;0.1;1;47
No Bake Breakfast Cookies;171;6;58;27;2;5;0;47;1;216;1;0;94;42;130;5;1;20;0.1;0.1;0;1;0;14;0.1;0.1;2;19
Oat Bran Muffins;128;4;194;21;3;4;0;112;2;202;1;0.2;81;45;158;2;1;19;0.1;0.1;6;0;2;15;0.2;0.1;0;17
Oat! My Tropical Pizza;275;6;337;37;6;20;1;0;0;0;0;0;0;0;0;0;0;0;0;0;0;0;0;0;0;0;0;0
Oatmeal Raisin Muffins;182;7;254;26;1;4;0;58;1;122;3;0.4;71;17;85;8;1;22;0;0.1;0;1;7;43;0.2;0.1;1;20
Okra and Greens;98;6;31;11;4;3;0;82;2;510;3;0.1;160;54;70;1;1;273;0.3;0;92;2;181;127;0.2;0.1;1;21
Old Fashioned Bread Pudding;231;7;297;34;2;9;1;134;1;282;2;0.3;119;31;173;16;1;116;0.1;0.5;0;2;7;25;0.1;0.3;1;91
Old Fashioned Dressing;397;9;945;65;5;12;0;179;5;317;3;0.5;264;43;164;22;1;55;0.2;0.3;8;1;32;154;0.9;0.4;6;18
One Pan Potatoes & Chicken;285;7;316;35;4;21;0;32;2;868;2;0.3;221;59;237;16;1;14;0.8;0.2;33;1;11;46;0.2;0.1;10;74
One Pan Spaghetti;295;7;319;37;3;18;0;128;3;336;1;0.1;187;41;209;37;3;31;0.3;1.1;2;1;8;136;0.3;0.3;6;43
One-Dish Roasted Potatoes and Apples with Chicken Sausage;364;17;588;39;5;15;0;50;2;804;4;0.6;246;46;201;1;3;2;0.6;0.6;25;1;8;28;0.1;0.2;4;43
Orange Banana Frosty;119;1;44;24;2;4;0;122;0;479;0;0;0;33;112;0;1;17;0.3;0.3;37;0;0;37;0.1;0.2;1;19
Orange Cow;332;0;56;76;1;7;1;160;1;1406;0;0;321;76;182;3;1;89;0.3;0.3;261;1;1;297;0.6;0.3;1;50
Orange Delight Juice;75;0;6;18;1;1;0;15;0;241;0;0;53;15;18;0;0;7;0.1;0;39;0;0;22;0.1;0;0;6
Orange Glazed Skinless Chicken Wings;314;18;305;22;0;16;0;34;1;169;2;0.1;65;15;104;18;1;68;0.4;0.3;2;1;1;10;0.1;0.1;4;78
Orange Pork Chops;282;5;119;17;3;39;1;43;2;612;1;0;221;48;320;53;3;467;0.9;0.8;19;1;1;17;0.8;0.4;13;141
Oven Baked Sweet Potato Fries;116;7;36;13;2;1;0;20;0;219;1;0.1;98;16;31;0;0;461;0.1;0;2;1;5;7;0.1;0;0;8
Oven Fried Fish;202;7;163;10;1;25;3;45;1;358;1;0.1;109;36;215;52;1;44;0.1;1.7;0;1;2;33;0.2;0.2;5;81
Oven Roasted Chicken;349;27;328;2;0;23;0;19;2;301;0;0;112;28;238;19;2;69;0.5;0.4;7;1;3;10;0.2;0.2;8;0
Oven-Baked Potato Pancakes;82;3;196;13;2;2;0;34;1;280;0;0;80;18;60;3;0;7;0.2;0;13;0;3;14;0.1;0;1;21
Oven-Fried Yucca;108;0;9;26;1;1;0;10;0;163;0;0;64;13;16;0;0;1;0.1;0;9;0;1;12;0.1;0;1;16
Oven-Roasted Vegetables;99;5;101;13;2;2;0;11;1;321;2;0.3;83;18;43;0;0;0;0.2;0;16;1;7;13;0.1;0;1;9
Overnight Oatmeal;333;13;27;50;7;8;0;57;3;470;7;1.4;526;96;239;13;3;19;0.2;0;1;1;13;29;0.2;0.1;1;26
Overnight Oatmeal with Berries;311;4;86;53;9;17;1;268;2;513;0;0;0;0;0;0;0;0;0;0;0;0;0;0;0;0;0;0
Pancakes (from Better Baking Mix);31;3;11;0;0;1;0;5;0;10;1;0.1;7;1;15;2;0;12;0;0.1;0;0;3;3;0;0;0;22
Panned Cabbage;32;2;87;4;2;1;0;29;0;123;0;0;16;9;19;0;0;16;0.1;0;27;0;53;31;0;0;0;8
Parmesan Peas;86;2;60;12;4;5;0;60;1;162;0;0.1;84;17;88;2;1;41;0.1;0;9;0;20;40;0.1;0.1;1;18
Parsley Almond and Lemon Pesto;171;17;130;2;1;4;0;111;1;116;2;0.1;61;16;73;1;1;80;0;0.2;24;3;254;25;0;0.1;0;4
Party-Time Pasta;312;7;346;45;7;18;0;124;4;519;2;0.1;343;57;232;32;2;247;0.3;0;15;1;108;131;0.4;0.4;6;58
Pasta Bolognese;297;6;114;47;8;16;0;121;3;290;0;0;338;63;250;47;2;55;0.3;0.8;5;1;5;18;0.2;0.2;3;42
Pasta Primavera II;431;6;150;77;9;16;0;138;4;783;1;0.2;380;82;232;49;2;217;0.5;0.1;6;5;42;243;0.6;0.5;11;54
Pasta Primavera Salad;365;6;558;61;5;16;1;120;3;249;0;0;284;48;243;50;2;153;0.2;0.4;4;1;12;213;0.5;0.4;3;90
Pasta Salad;143;5;49;20;2;4;0;12;1;99;3;0.4;78;14;47;16;0;49;0.1;0;12;0;16;75;0.2;0.1;1;9
Pasta Salad with Herb Vinaigrette;220;10;200;25;4;11;1;64;3;253;1;0.1;171;39;176;36;1;165;0.2;0.6;15;2;28;42;0.1;0.3;1;126
Pasta Vegetable Salad;119;3;110;20;2;4;0;16;1;171;1;0.2;106;19;54;13;0;30;0.1;0;15;0;14;73;0.2;0.1;1;11
Pasta with Chickpeas Tomato and Spinach;395;8;303;68;13;19;0;218;5;849;1;0.1;603;134;327;45;3;542;1;0.1;27;3;249;148;0.3;0.3;3;64
Pasta with Greens Beans and Chicken;478;6;281;77;11;34;0;142;6;926;2;0.3;668;148;416;70;3;145;0.7;0.1;10;3;153;133;0.4;0.3;7;92
Pea Guacamole;27;0;119;5;2;2;0;13;1;68;0;0;49;8;25;0;0;32;0.1;0;8;0;9;23;0.1;0;1;9
Pea Pesto;147;13;160;5;2;4;0;82;1;93;4;0.8;162;24;81;2;1;57;0.1;0.1;4;1;40;29;0.1;0.1;0;10
Peach Sauce;131;0;11;34;3;1;0;12;1;172;0;0;116;9;22;0;0;56;0;0;1;2;5;16;0;0;1;7
Peachy Peanut Butter Pita Pockets;183;7;197;26;4;7;0;13;1;266;2;0;199;53;116;11;1;4;0.2;0;3;2;1;23;0.1;0.1;4;21
Peachy Pops;85;1;17;19;1;2;0;54;0;314;0;0;92;18;57;1;0;19;0.1;0;45;0;1;29;0.1;0.1;1;12
Peanut Butter 'n Fruit-wich;283;18;242;22;4;11;0;62;1;358;4;0.1;225;84;199;9;2;1;0.2;0;2;4;3;36;0.1;0.1;5;39
Peanut Butter and Apple Wraps;295;14;294;33;5;12;0;25;2;367;4;0.1;314;92;213;14;2;1;0.2;0;2;4;2;41;0.2;0.1;6;31
Peanut Butter Banana Breakfast Shake;288;9;161;41;4;13;3;318;1;916;2;0;199;89;341;9;2;153;0.6;1.2;10;2;1;47;0.2;0.5;3;64
Peanut Butter Banana Smoothie;260;8;136;40;4;11;2;0;0;0;2;0;0;0;0;0;0;85;0.5;0.9;9;1;1;42;0.1;0.4;2;50
Peanut Butter Bread;291;15;385;30;2;11;1;147;2;292;3;0;165;59;217;13;1;37;0.1;0.3;0;3;0;89;0.2;0.3;5;62
Peanut Butter Cereal Bars;201;10;61;27;2;6;0;17;1;238;2;0;165;49;121;4;1;0;0.1;0;0;2;1;20;0.1;0;2;20
Peanut Peach N Pineapple Wrap;430;15;600;64;8;13;0;200;4;0;5;0.1;425;129;290;34;2;157;0.4;0;42;4;87;125;0.4;0.2;8;44
Peanutty Stew;260;12;526;31;5;10;0;104;2;558;3;0;298;97;224;10;2;225;0.4;0.2;19;3;57;51;0.4;0.2;5;42
Pear in Orange Sauce;132;0;2;34;5;1;0;20;0;286;0;0;157;17;28;0;0;6;0.1;0;30;0;7;26;0.1;0.1;0;11
Pear Kabobs with Strawberry Dipping Sauce;199;1;34;48;5;3;0;99;1;475;0;0.1;195;39;91;3;1;9;0.3;0.2;46;0;4;34;0.1;0.2;1;21
Pear Party Salsa;112;0;2;29;4;1;0;33;0;270;0;0;111;15;27;0;0;7;0.1;0;57;1;18;24;0.1;0.1;0;9
Pear PB&J Bouquet;122;4;148;18;3;5;0;50;2;136;1;0;175;42;79;8;1;62;0.2;0;1;3;3;38;0.1;0.1;2;12
Pear Quesadillas;217;11;341;19;2;10;0;269;2;117;1;0.1;85;23;175;10;1;51;0.1;0.4;1;1;22;51;0.2;0.2;1;7
Pear Rabbit;141;0;10;37;4;1;0;25;1;287;0;0;150;19;37;0;0;0;0.1;0;4;0;1;3;0;0;1;9
Pear Salad;95;2;29;18;3;2;0;59;1;270;1;0.3;139;23;61;1;0;160;0.1;0.1;8;0;56;41;0.1;0.1;0;11
Pears in a Pod;245;17;128;19;5;8;0;29;1;390;4;0;226;69;150;1;1;5;0.1;0;4;3;9;36;0;0.1;4;36
Peter Pumpkin Squares;179;8;138;25;1;3;0;50;1;95;3;0.4;64;16;61;7;0;151;0;0.1;1;1;11;30;0.1;0.1;1;29
Pico de Gallo;33;0;103;8;2;1;0;20;0;238;0;0;68;13;32;0;0;32;0.1;0;27;0;9;19;0.1;0;1;8
Pineapple Avocado Chicken Salad;437;10;883;60;11;31;0;51;4;690;2;0.1;409;102;350;56;2;189;0.9;0.2;80;2;27;95;0.4;0.3;13;92
Pineapple Chicken;303;6;240;8;0;52;0;32;2;485;1;0.1;126;55;380;46;2;11;1;0;5;0;1;9;0.2;0.2;23;144
Pineapple Orange Frozen Yogurt;112;0;51;25;1;4;0;136;0;299;0;0;116;23;108;3;1;7;0.1;0.4;48;0;1;30;0.1;0.2;1;17
Pineapple Pork;285;9;157;11;1;38;1;23;1;463;2;0.2;182;40;295;52;3;9;0.8;0.8;30;1;6;6;0.8;0.3;13;135
Pink Party Salad;255;7;143;41;7;8;0;47;2;907;1;0.1;242;58;169;8;1;62;0.5;0.2;35;1;12;123;0.2;0.2;2;79
Pizza Meat Loaf;251;16;309;6;1;22;0;106;2;416;3;0.2;205;35;262;30;3;57;0.5;1.4;17;1;8;16;0.1;0.3;8;68
Polenta with Pepper and Cheese;266;7;680;41;8;13;0;241;3;445;1;0.2;270;77;293;8;2;79;0.2;0.4;32;0;0;93;0.2;0.2;2;0
Popcorn Treats;530;19;236;92;10;8;0;61;3;608;6;1;338;87;244;2;2;201;0.4;0;3;3;26;22;0.2;0.1;3;21
Pork Loin Roast with Veggies;229;10;172;20;3;16;0;40;1;601;2;0.3;173;35;179;20;1;392;0.6;0.3;14;1;12;31;0.4;0.2;5;50
Pot Roasted Beef;327;3;208;51;6;23;0;47;3;1318;0;0.1;395;68;244;16;3;94;0.7;0;33;0;10;60;0.3;0.2;5;95
Potato Beef Casserole;329;9;484;46;5;16;1;118;3;1171;2;0.3;291;67;269;11;3;34;0.8;1.2;44;0;16;45;0.2;0.3;5;68
Potato Cakes;101;4;3;15;1;2;0;7;1;194;2;0.2;60;12;35;3;0;0;0.1;0;9;0;5;33;0.1;0.1;1;6
Potato Nachos;302;10;294;39;6;16;0;157;3;1157;2;0.2;340;71;288;14;2;76;0.8;0;50;1;25;58;0.2;0.2;5;56
Potato Salad;210;8;247;33;5;5;0;66;2;878;1;0.1;217;52;129;4;1;44;0.5;0;47;1;166;51;0.2;0.1;2;27
Potato Spinach Casserole;263;12;678;24;2;15;1;361;1;533;0;0;121;43;283;11;2;140;0.2;0.4;16;1;31;34;0.1;0.5;1;30
Potato Spinach Lasagna;440;12;360;63;8;19;0;341;4;1716;1;0.2;430;75;35;18;2;260;0.6;0.7;31;3;148;64;0.3;0.2;4;97
Potato Black Bean & Kale Skillet;290;7;200;47;8;13;0;158;3;1090;1;0.1;650;71;127;3;1;73;0.2;0;79;2;100;15;0.1;0.1;1;55
Pretzel Shapes;55;0;195;11;1;2;0;3;1;22;0;0;25;4;20;5;0;0;0;0;0;0;0;58;0.2;0.1;1;2
Pulled Pork Sandwich with Red Cabbage and Carrot Slaw;487;28;454;14;3;42;2;93;4;908;3;0.7;0;59;401;0;7;194;0.8;1.3;62;2;48;32;1.1;0.7;7;156
Pumpkin and Bean Soup;159;1;385;32;7;8;0;96;4;637;0;0.1;304;68;115;1;1;549;0.1;0;10;1;14;69;0.1;0.1;0;34
Pumpkin Bread;103;2;172;20;1;2;0;41;1;107;1;0.1;62;15;53;6;0;104;0;0;1;0;4;22;0.1;0.1;1;5
Pumpkin Cheese Pie;141;4;228;22;1;5;0;88;1;157;0;0;54;13;122;5;0;240;0;0.3;1;0;5;17;0;0.2;0;33
Pumpkin Chili;193;8;242;17;6;14;0;76;3;540;2;0.1;277;51;200;15;2;444;0.4;0.6;44;1;15;33;0.4;0.2;4;58
Pumpkin Chocolate Muffins;90;1;76;19;2;2;0;21;1;88;0;0;128;20;40;4;0;137;0;0;1;0;3;33;0.1;0.1;1;4
Pumpkin Mac & Cheese for One;213;3;236;38;3;9;0;87;2;174;0;0.1;159;34;139;32;1;268;0.1;0.2;1;0;6;130;0.3;0.3;2;19
Pumpkin Pudding;112;1;417;24;2;3;1;100;1;242;0;0;100;24;196;2;0;585;0.1;0.3;3;1;12;11;0;0.2;0;18
Pumpkin Soup;200;2;460;39;10;12;0;135;6;345;0;0;177;38;73;4;1;1102;0.1;0;6;2;23;19;0.1;0.2;1;27
Pupusas Revueltas;221;9;529;23;2;14;0;191;2;321;1;0.1;122;43;224;11;2;37;0.3;0.6;13;0;4;40;0.3;0.3;3;22
Purple Cow;69;0;54;13;0;3;1;107;0;196;0;0;39;18;83;2;0;54;0.1;0.3;16;0;0;4;0;0.1;0;15
Quesadilla con Huevos;252;11;448;27;2;11;1;182;2;127;1;0.1;95;18;185;21;1;77;0.1;0.3;0;0;2;100;0.3;0.3;2;80
Quick 'N Cool Summer Salad;374;10;541;51;4;18;0;201;3;272;2;0.4;188;48;243;54;2;60;0.2;0.8;3;1;34;187;0.4;0.4;5;32
Quick and Easy Pizza;379;9;282;54;2;19;0;322;3;136;0;0.1;119;27;309;28;2;68;0.1;1;0;0;1;256;0.9;0.6;5;14
Quick and Easy Potato Casserole;130;4;270;18;2;8;0;200;1;523;0;0;0;33;183;4;1;29;0.3;0.3;9;0;2;32;0.1;0.1;2;18
Quick and Healthy Black-Eyed Peas;241;3;179;39;10;15;0;39;3;612;1;0.2;306;81;222;7;2;6;0.2;0;4;0;57;219;0.4;0.1;1;76
Quick Black Bean Salad;152;1;236;32;8;8;0;45;2;446;0;0.1;231;51;0;1;1;5;0.2;0;4;1;4;86;0.2;0.1;1;40
Quick Chicken & Vegetable Soup;119;2;338;17;5;11;0;65;2;519;0;0;192;34;136;7;1;168;0.4;0;17;1;20;28;0.7;0.2;5;41
Quick Chili;222;6;172;24;8;18;0;56;4;716;1;0.2;294;59;227;11;4;65;0.4;1.3;3;3;18;107;0.2;0.2;6;68
Quick Skillet Lasagna;182;5;236;22;3;14;0;96;2;543;0;0;212;35;172;21;2;44;0.3;0.9;14;2;5;62;0.5;0.2;3;42
Quick Tuna Casserole;279;6;665;41;3;15;1;140;3;265;2;0.2;191;45;213;44;1;73;0.2;1.1;3;1;18;145;0.5;0.3;6;50
Quinoa and Black Bean Salad;199;5;154;32;9;9;0;64;3;628;1;0.1;343;76;202;2;1;64;0.3;0;51;2;23;105;0.3;0.1;1;40
Rainbow Bell Pepper Boats with Garbanzo Beans and Kale;330;11;0;48;9;11;0;78;2;597;4;0.8;902;110;241;12;2;356;1.1;0;162;2;245;103;0.3;0.2;3;43
Rainbow Veggie Salad;132;1;333;25;8;8;0;53;3;540;0;0.1;267;51;162;1;1;157;0.2;0;8;1;9;110;0.2;0.1;1;33
Ratatouille;77;4;63;14;5;3;0;64;2;580;1;0.3;182;38;71;1;1;48;0.4;0;52;1;71;51;0.3;0.2;2;20
Red Bean Quesadilla;326;9;509;48;11;18;0;280;4;596;0;0.3;380;125;360;31;3;386;0.3;0.2;2;2;302;131;0.3;0.4;3;60
Red Beans and Rice;444;10;420;77;18;17;0;103;4;1018;1;0.2;619;155;406;18;3;31;0.7;0;46;1;45;162;0.5;0.3;4;93
Red Chile Stew;141;3;53;3;0;24;1;13;1;304;0;0;117;25;189;32;2;18;0.5;0.5;68;0;5;7;0.4;0.2;8;83
Red Hot Fusilli;315;5;159;56;5;11;0;50;3;534;1;0.1;280;53;140;41;1;94;0.3;0;30;2;85;221;0.5;0.3;4;23
Red Lentil Latkes;138;2;168;23;7;9;0;28;3;494;0;0;238;38;178;6;1;20;0.3;0.1;12;0;2;137;0.2;0.1;1;65
Red Monster Smoothie;207;1;20;51;8;4;0;110;1;757;0;0.2;759;64;87;2;1;182;0.5;0;171;1;253;79;0.2;0.2;2;25
Red Potato and Cabbage (Colcannon);48;1;233;8;2;2;0;47;0;218;0;0.1;45;13;48;1;0;25;0.1;0;17;0;31;23;0.1;0.1;0;13
Red Potato Salad;236;5;488;41;4;8;0;151;2;1184;2;0.3;305;61;232;4;1;4;0.4;0;20;1;14;52;0.2;0.2;3;47
Refried Beans;197;3;2;32;11;11;0;62;3;542;1;0.3;271;62;181;8;1;0;0.3;0;2;1;7;207;0.2;0.1;0;43
Rice Bowl Breakfast with Fruit and Nuts;203;5;31;35;4;6;1;101;1;234;3;0.6;223;62;172;12;1;39;0.2;0;3;0;2;15;0.2;0.2;2;23
Rice Dessert;118;1;30;26;1;3;0;78;0;182;0;0;72;24;91;5;1;5;0.1;0.2;1;0;1;7;0.1;0.1;1;11
Rice Pudding;190;5;66;30;0;6;1;132;1;178;0;0.1;72;21;143;11;1;55;0.1;0.3;1;0;0;75;0.1;0.2;1;53
Rice Salad;160;6;100;23;3;3;0;22;1;158;3;0.4;113;36;79;7;1;22;0.2;0;12;1;23;18;0.1;0.1;1;14
Rice-Crusted Pizza;174;9;472;12;1;12;0;292;1;181;0;0.1;64;21;232;10;1;81;0.1;0.9;1;1;6;36;0.1;0.2;2;24
Roast Chicken;312;25;81;0;0;20;0;15;1;240;5;0.2;88;24;198;16;1;59;0.4;0.4;0;1;5;8;0.1;0.2;7;75
Roast Turkey Breast with Rosemary Sage and Thyme;213;6;67;3;1;35;0;26;2;397;1;0;95;37;268;37;2;76;0.7;0.5;2;1;9;13;0.1;0.2;9;100
Roasted Bell Peppers;55;3;151;8;3;2;0;20;1;296;1;0.1;113;17;35;0;0;30;0.4;0;132;1;16;17;0.1;0.1;1;9
Roasted Brussels Sprouts;58;3;72;8;3;3;0;37;1;344;1;0.2;62;20;61;1;0;33;0.2;0;75;1;158;54;0.1;0.1;1;17
Roasted Brussels Sprouts Potatoes and Chicken;400;12;370;40;6;35;0;207;3;1318;1;0.2;340;83;396;41;2;59;1;0.5;82;2;157;85;0.3;0.3;13;115
Roasted Cauliflower;68;5;164;4;1;3;0;76;0;225;0;0.1;31;13;67;2;0;10;0.1;0.1;35;1;14;42;0;0.1;0;33
Roasted Cauliflower Steaks;48;3;224;6;2;2;0;23;0;306;1;0.1;43;16;46;1;0;0;0.2;0;49;0;18;57;0.1;0.1;1;44
Roasted Chickpeas (Garbanzo Beans);161;6;252;22;6;7;0;35;2;220;2;0.4;186;31;112;3;1;1;0.1;0;1;1;6;70;0.1;0.1;0;34
Roasted Herb Potatoes;41;2;196;6;1;1;0;5;0;150;1;0.1;39;8;20;0;0;0;0.1;0;7;0;3;6;0;0;0;4
Roasted Potatoes;76;1;102;16;2;2;0;16;1;368;0;0.1;99;21;51;0;0;10;0.3;0;27;0;14;17;0.1;0;1;11
Roasted Root Vegetables;323;15;87;43;6;6;0;86;2;1038;5;0.8;256;57;166;2;1;262;0.7;0.1;46;2;23;45;0.2;0.1;3;31
Roasted Tomatoes with Herbs;72;5;31;6;2;2;0;38;0;308;1;0.1;82;16;45;1;0;55;0.1;0;18;1;16;19;0.1;0;1;9
Round Steak Casserole;258;6;567;29;5;23;0;63;4;871;0;0;276;56;217;23;4;27;0.7;1.1;35;1;26;44;0.5;0.2;5;102
Salata Ma Jibna (Salad with Parmesan Cheese);90;8;336;5;1;2;0;45;0;137;1;0.1;32;9;35;1;0;79;0.1;0;10;1;14;13;0;0;0;5
Salmon Burgers;206;7;501;17;1;18;10;185;2;318;1;0.1;93;29;292;28;1;58;0.2;3.1;1;1;3;62;0.2;0.3;5;112
Salmon Burgers and Sweet Potato Oven Fries;490;14;590;69;11;25;10;250;4;2025;2;0.6;0;158;598;85;3;1845;1.3;3.1;72;4;48;88;0.7;0.5;16;186
Salmon Patties;165;8;316;7;1;16;10;159;1;261;1;0.3;80;25;256;28;1;42;0.2;3;1;1;2;35;0.1;0.2;5;104
Salsa Pinto Beans;155;3;324;26;9;8;0;49;2;462;0;0.1;216;49;141;6;1;9;0.3;0;6;1;7;158;0.2;0.1;0;34
Salt-free All Purpose Blend;2;0;0;0;0;0;0;1;0;7;0;0;3;1;2;0;0;2;0;0;0;0;0;0;0;0;0;0
Sanchico Tuna Salad;120;6;254;10;4;10;1;22;1;416;1;0.1;147;29;95;30;1;52;0.3;1.1;21;1;12;50;0.1;0.1;5;23
Sarah’s Green Bean Casserole;111;4;274;17;3;4;0;79;1;284;1;0.1;158;28;102;5;1;53;0.1;0.2;8;0;11;37;0.1;0.2;2;23
Sarah’s Spicy Curry Turkey Soup;280;9;339;26;4;26;0;75;3;858;1;0.1;321;54;257;26;3;424;0.6;0.4;13;1;67;60;0.2;0.3;7;79
Sardine Cucumber and Tomato Sandwich;230;3;460;29;5;23;3;84;2;474;0;0;309;74;232;68;2;25;0.4;1.7;15;1;11;49;0.3;0.2;10;39
Sautéed Beet Greens;50;3;67;4;2;2;0;90;1;298;1;0.2;130;25;47;1;0;114;0.2;0;54;2;196;9;0.1;0.1;1;1
Sautéed Cauliflower Rice;76;4;336;10;3;3;0;39;1;474;1;0.2;70;24;72;1;0;0;0.3;0;73;1;27;88;0.1;0.1;1;67
Savory Bread Pudding with Kale and Butternut Squash;372;12;618;46;5;24;2;473;4;923;1;0.2;1024;97;464;39;3;701;0.5;1.5;69;3;361;98;0.4;0.8;3;166
Savory Meatloaf Muffins;214;11;318;8;1;20;1;112;2;306;1;0.1;103;34;252;19;5;51;0.3;2;0;0;1;15;0.1;0.2;4;80
Scallion Rice;205;2;35;42;3;5;0;26;1;97;1;0;180;78;151;18;1;3;0.3;0;1;0;13;11;0.2;0.1;3;19
Scrambled Tofu;169;11;51;6;2;16;0;298;3;313;3;0.3;396;65;240;21;2;60;0.2;0.2;7;0;21;68;0.1;0.3;1;112
Seared Greens;89;5;133;9;2;4;0;141;1;455;2;0.4;1355;44;86;1;1;447;0.3;0;108;1;635;28;0.1;0.1;1;1
Seasoned Roasted Vegetables;169;1;149;37;6;6;0;52;2;1176;0;0.1;291;70;175;1;1;18;0.8;0;71;0;10;73;0.2;0.3;3;35
Sensational Six-Layer Dinner;234;7;359;27;4;18;0;51;3;839;0;0.1;251;50;209;15;4;376;0.6;1.7;27;1;13;36;0.2;0.2;5;71
Shake-A-Pudding;92;0;199;21;1;2;1;78;0;203;0;0;42;15;153;2;0;38;0.1;0.3;3;0;0;9;0;0.1;0;13
Shepherd's Pie;208;5;72;31;5;11;0;56;2;0;0;0;0;0;0;0;0;0;0;0;26;0;0;0;0;0;0;0
Shirini;253;7;5;50;2;2;0;35;1;316;4;0.9;219;27;53;1;0;53;0.2;0;10;0;1;28;0.1;0.1;1;12
Shorba (Lamb and Peanut Soup);396;22;135;17;6;34;0;99;4;775;1;0.1;241;69;323;22;8;229;0.6;0;53;1;98;87;0.2;0.3;5;142
Short Cut Lasagna;442;17;426;44;4;27;0;562;3;595;1;0.2;240;63;457;45;3;192;0.3;1.1;3;3;19;139;0.3;0.5;7;42
Shrimp Confetti Salad Sandwich with Grapes;330;6;450;43;8;27;0;150;4;695;1;0.2;541;112;325;51;3;82;0.4;0.5;12;2;22;92;0.4;0.2;6;106
Simmered Beans;118;1;56;22;7;7;0;44;2;361;0;0.1;194;42;120;5;1;0;0.2;0;1;1;3;139;0.2;0.1;0;29
Simple Fish Tacos;220;4;355;32;4;15;0;90;1;499;1;0.1;137;62;392;20;1;60;0.3;1.4;23;1;22;24;0.1;0.1;2;65
Simple Green Smoothie;299;4;156;56;7;13;1;454;2;1119;0;0;659;83;363;10;2;263;0.5;0;0;1;242;0;0.2;0.6;2;56
Simple Stuffed Peppers;357;4;599;63;13;19;0;191;3;788;1;0.1;490;129;423;21;2;66;0.6;0.1;109;2;19;98;0.4;0.3;4;55
Simply Satisfying Kale and Tuna Salad;278;16;262;16;3;22;1;0;0;0;2;0.3;0;0;0;0;0;690;0.7;2.1;170;3;954;49;0.2;0.2;10;26
Skillet Lasagna;361;14;377;37;4;22;0;501;3;499;1;0.3;227;72;375;38;3;310;0.3;0.9;2;3;165;149;0.3;0.4;5;38
Skillet Meals;276;1;724;55;12;16;0;200;7;1159;0;0.1;615;125;237;8;2;50;0.3;0;41;4;64;128;0.3;0.2;3;73
Skillet Noodles and Beef;181;6;413;19;3;14;0;144;2;406;1;0.2;166;52;200;20;2;197;0.3;1;2;2;157;104;0.2;0.3;4;49
Skillet Pasta Dinner;308;6;277;47;7;16;0;75;3;496;2;0.1;283;55;190;38;2;164;0.4;0.4;13;2;21;151;0.8;0.4;6;52
Skillet-Braised Chicken;139;9;242;0;0;15;0;3;0;180;3;0.4;23;14;113;16;0;4;0.4;0;0;1;8;3;0;0.1;5;38
Skinny Pizza;190;5;450;26;3;9;0;200;2;375;1;0.1;211;26;214;14;1;33;0.2;0.2;0;1;8;82;0.2;0.3;4;19
Sloppy Garden Joes;160;6;317;19;4;10;0;61;2;343;2;0.1;197;39;148;21;2;67;0.3;0.4;17;1;6;20;0.3;0.2;4;36
Slow Cooker Beans;345;1;609;69;10;16;0;120;4;1067;0;0.2;547;124;305;4;2;29;0.4;0;4;3;9;290;0.5;0.2;2;70
Slow Cooker Beef Stew;282;5;216;29;4;30;0;42;3;833;0;0;226;52;258;32;5;255;0.8;1.5;26;1;9;55;0.2;0.2;7;121
Slow Cooker Hamburger Stew;275;10;240;22;5;25;0;88;4;1022;0;0.1;263;58;269;19;6;293;0.8;2.5;32;1;17;46;0.7;0.3;7;91
Slow Cooker Lentil Soup;175;1;179;31;12;13;0;46;5;609;0;0.1;381;56;260;4;2;171;0.3;0;5;0;7;254;0.3;0.1;2;48
Slow Cooker Pork Stew over Brown Rice;360;5;139;50;6;27;1;89;2;658;1;0.1;241;83;316;45;3;61;0.6;0.5;8;0;6;15;0.6;0.3;10;96
Slow-Cook Barbecue;206;5;343;11;0;28;0;36;2;506;0;0;127;30;237;35;5;7;0.7;1.3;2;1;2;13;0.1;0.2;8;107
Smoked Ham Hocks with Lima Beans;130;1;400;18;4;12;1;20;1;775;0;0.1;0;61;298;25;3;4;0.5;0.4;6;0;2;92;0.6;0.2;4;99
Smoky Mustard-Maple Salmon;148;4;276;4;0;23;13;18;1;434;0;0.1;79;38;310;36;1;70;0.7;5.5;0;1;1;9;0.2;0.1;9;110
Smothered Greens;84;1;61;9;5;12;0;196;3;695;0;0;301;62;150;9;1;242;0.5;0;114;3;412;25;0.1;0.2;4;21
Snappy Cole Slaw;37;0;15;9;1;0;0;17;0;73;0;0;12;6;11;0;0;2;0;0;13;0;27;15;0;0;0;4
Snappy Rice Dish;314;2;310;60;14;16;0;66;4;686;0;0.2;468;112;300;11;2;194;0.3;0;4;0;31;163;0.3;0.2;4;66
Soft Chicken Taco;175;4;450;19;2;16;0;73;2;551;1;0.1;196;54;235;16;1;141;0.6;0;51;1;106;73;0.1;0.1;8;59
Soft Pretzels;140;1;8;28;2;5;0;12;2;92;0;0;102;26;91;18;1;7;0.1;0;0;0;0;93;0.4;0.2;2;19
Somali Summer Salad;92;5;5;12;3;1;0;18;0;287;1;0.1;97;17;33;0;0;28;0.2;0;35;1;14;19;0.1;0;0;9
South of the Border Dip;23;0;101;4;0;1;0;52;0;83;0;0;12;6;42;1;0;16;0;0.1;2;0;1;5;0;0.1;0;6
South of the Border Salad;253;6;497;44;10;11;0;68;3;614;1;0.1;342;66;201;2;1;8;0.2;0;7;0;0;122;0.3;0.1;1;0
Southern Banana Pudding;215;4;376;41;1;4;1;132;0;258;1;0.1;63;20;258;5;0;59;0.1;0;2;0;1;22;0.1;0.2;1;20
Southwestern Pepper Cups;110;2;169;20;3;4;0;47;1;193;0;0;134;38;93;7;1;27;0.3;0;50;0;0;17;0.1;0.1;1;0
Soy Marinated Chicken;190;4;361;6;1;32;0;36;1;366;1;0;73;39;246;28;1;11;0.6;0.3;24;0;0;21;0.1;0.2;14;91
Spaghetti Squash with Tomatoes Basil and Parmesan;77;5;67;7;2;2;0;83;1;195;0;0.2;67;20;46;1;0;28;0.1;0.1;6;1;18;18;0;0;1;10
Spaghetti with Quick Meat Sauce;389;9;416;53;9;28;0;134;5;709;1;0.1;450;76;304;52;4;105;0.4;1.4;13;2;38;26;0.3;0.2;5;66
Spanish Baked Fish;129;3;622;7;2;18;52;60;1;459;0;0.1;97;40;301;32;1;54;0.2;1.5;3;3;12;21;0.1;0.1;4;81
Spanish Frittata;268;9;395;35;5;12;1;64;3;907;1;0;279;53;239;22;1;92;0.7;0.9;38;1;8;66;0.2;0.4;2;190
Spanish Omelet;289;10;238;35;5;17;1;188;2;1052;1;0.1;318;64;296;21;2;86;0.7;0.7;64;1;9;62;0.2;0.5;3;121
Spanish Rice;179;5;296;30;2;3;0;41;2;225;2;0.3;128;23;61;8;1;29;0.2;0;20;1;9;97;0.6;0.1;2;9
Spanish Rice II;297;12;496;30;3;19;0;145;2;333;3;0.1;295;73;292;30;3;51;0.5;1;8;0;0;23;0.2;0.2;6;0
Speedy Burritos;184;5;341;29;3;6;0;60;2;391;1;0.1;143;27;105;10;1;20;0.3;0.1;25;0;5;70;0.2;0.2;2;45
Spicy Baked Fish;239;16;94;1;0;21;0;17;0;383;2;0.4;52;30;245;40;0;47;0.6;2.7;5;1;6;34;0.3;0.1;8;1
Spicy Baked Fish II;87;1;380;3;1;17;1;30;1;379;0;0;58;28;311;25;0;14;0.2;2;15;1;2;14;0.3;0.1;2;73
Spicy Carrots and Squash;39;0;91;8;2;1;0;28;0;0;0;0;0;0;0;0;0;514;0;0;11;0;0;0;0;0;0;0
Spicy Chicken and Potato Soup;224;3;37;42;6;8;0;42;2;855;1;0.2;277;57;164;5;1;14;0.7;0;45;0;12;71;0.3;0.1;4;0
Spicy Okra;38;2;122;6;2;2;0;65;1;218;1;0.1;85;32;35;0;0;12;0.1;0;14;1;27;80;0.1;0.1;1;9
Spicy Oven-Baked Chicken;151;7;400;1;0;20;0;17;1;245;1;0.1;57;22;184;22;2;10;0.4;0.3;1;0;8;5;0.1;0.2;5;60
Spinach and Meat Cakes;459;6;307;75;7;25;0;111;5;767;1;0.2;461;205;424;43;6;338;0.8;1.8;21;2;350;158;0.4;0.3;9;92
Spinach and Mushroom Enchilada Casserole;197;7;435;23;6;14;0;291;3;785;0;0;578;91;334;20;2;385;0.4;0.2;22;3;303;105;0.2;0.7;6;47
Spinach Rice Salad;196;3;198;37;3;5;0;39;1;210;1;0.1;171;75;143;17;1;34;0.3;0;4;0;60;32;0.2;0.1;2;19
Spinach Salad with Apples and Eggs;360;11;560;59;10;9;1;150;4;845;2;0.4;270;97;178;21;1;358;0.3;0.6;12;3;304;161;0.2;0.5;1;137
Spinach Salad with Apples and Raisins;212;9;29;33;2;2;0;46;1;402;2;0.9;129;35;45;1;0;149;0.1;0;11;2;160;63;0.1;0.1;0;10
Spinach Stuffed Potatoes;215;3;116;40;6;9;0;150;3;1066;0;0;313;85;204;5;1;237;0.7;0.1;44;1;210;87;0.2;0.2;3;41
Splendid Fruit Salad;101;1;29;23;3;3;0;80;0;280;0;0;49;19;72;2;0;8;0.2;0.2;7;0;2;13;0;0.1;0;12
Split Pea Soup;329;6;447;54;20;23;0;82;4;1143;2;0.4;578;94;294;2;3;310;0.2;0.2;8;1;28;155;0.5;0.2;5;83
Spring Vegetable Soup;136;5;73;20;6;5;0;75;3;726;1;0.1;219;53;101;1;1;132;0.4;0;71;2;55;88;0.3;0.2;2;40
Springtime Cereal;426;6;297;86;10;13;1;235;13;832;2;0.1;458;126;403;13;2;15;0.7;0.6;55;2;3;391;0.4;0.4;5;46
Spunky Vegetable Pizza;214;6;287;29;2;10;0;199;2;0;0;0;0;0;0;0;0;0;0;0;21;0;0;0;0;0;0;0
Squash Salsa;102;1;247;19;5;5;0;50;2;422;0;0;167;34;109;1;1;33;0.2;0.1;16;1;7;60;0.1;0.1;1;24
Squash Soup;127;4;251;19;4;6;0;95;3;735;0;0.1;245;37;115;1;1;237;0.3;0.1;15;2;35;40;0.1;0.2;5;25
Squash Squares;198;13;264;15;1;6;0;92;1;265;3;0.5;80;16;172;9;1;192;0.2;0.3;7;1;12;54;0.1;0.2;1;73
Stewed Cauliflower Tomatoes and Onions;78;4;80;9;3;4;0;75;1;478;1;0.2;88;26;88;2;1;33;0.3;0;57;1;27;69;0.1;0.1;1;49
Stir Fried Beef;229;6;104;19;3;25;0;41;2;762;1;0.1;182;45;249;29;5;13;0.8;1.1;23;1;7;34;0.2;0.2;8;100
Stir Fry Vegetables and Beef;188;10;143;11;3;15;0;48;2;550;3;0.4;223;32;160;17;3;286;0.4;0.9;68;2;59;52;0.1;0.3;4;66
Stir-Fry with Chicken and Noodles;165;8;589;15;2;9;0;39;1;289;2;0.1;96;33;107;10;1;129;0.3;0;18;2;45;48;0.1;0.1;4;27
Stovetop Tamale Pie;362;8;843;51;12;24;0;72;7;1058;1;0.3;462;111;359;14;5;68;0.5;1.3;6;3;22;183;0.3;0.3;7;94
Strawberries White Bean and Edamame Salad;270;10;0;30;10;14;0;208;6;310;2;0.4;411;112;120;6;1;236;0.3;0.2;62;3;245;343;0.5;0.2;0;67
Strawberry Banana Parfait;190;1;235;44;7;10;1;200;13;448;0;0.1;197;86;316;7;12;156;1.7;4.8;89;9;2;498;1.1;1.5;14;34
Strawberry Kiwi Yogurt Pops;69;1;41;13;1;3;0;0;0;0;0;0;0;0;0;0;0;8;0;0.3;29;0;8;16;0;0.1;0;12
Strawberry Mango Feta Toast Points;240;8;390;33;5;17;0;146;1;289;1;0.2;215;43;146;15;1;51;0.2;0.3;57;2;21;46;0.2;0.3;2;19
Strawberry S'Mores;93;2;87;17;1;3;0;60;1;123;1;0.1;44;12;62;3;0;4;0;0.2;14;0;1;18;0.1;0.1;1;9
Strawberry Yogurt Pops;71;1;36;14;1;3;0;0;0;0;0;0;0;0;0;0;0;6;0;0.3;16;0;1;12;0;0.1;0;10
Stuffed Green Peppers;461;15;100;55;5;26;0;97;4;868;4;0.3;432;73;330;39;4;87;1;1.2;135;3;25;168;0.4;0.3;12;85
Stuffed Summer Squash;287;3;194;55;9;12;0;147;3;824;1;0.2;402;123;265;16;2;200;0.6;0.1;29;1;14;90;0.3;0.3;3;46
Stuffed Tomatoes;115;3;138;18;2;4;0;58;2;289;1;0.2;119;23;58;5;0;39;0.1;0.1;14;1;22;47;0.2;0.1;2;10
Sugar and Spice Cookies (from Better Baking Mix);83;4;36;12;0;1;0;24;0;53;1;0.2;26;6;28;3;0;8;0;0.1;0;0;4;11;0;0;0;11
Summer Breeze Smoothie;120;0;65;24;2;6;0;176;0;448;0;0;119;36;147;3;1;5;0.3;0;45;0;1;33;0.1;0.2;1;21
Summer Fruit Salad;45;0;1;11;2;1;0;15;0;151;0;0;81;14;17;0;0;12;0.1;0;47;0;1;19;0.1;0;0;6
Summer Italian Vegetables;67;3;75;8;2;4;0;93;1;321;0;0.1;81;21;88;2;1;43;0.2;0.2;26;1;10;24;0.1;0.1;2;12
Summer Salad;37;3;11;3;1;2;0;29;1;177;1;0.4;142;16;41;2;0;69;0.1;0;12;0;142;38;0.1;0.1;1;8
Summer Squash Medley;52;3;105;6;2;2;0;54;1;305;0;0.1;72;19;50;1;0;23;0.2;0;20;1;5;24;0.4;0.1;1;10
Summer Squash Stir Fry;59;4;24;7;2;1;0;23;0;276;0;0.1;50;15;38;0;0;273;0.2;0;13;1;8;26;0.1;0.1;1;8
Summer Squash Italian Style;98;9;104;2;1;3;0;97;0;136;3;0.4;29;12;71;2;0;21;0.1;0.1;8;1;10;15;0;0.1;0;4
Summer Vegetable Spaghetti;255;3;246;48;5;11;0;102;3;530;0;0.1;291;56;161;33;1;58;0.2;0.1;18;1;24;171;0.4;0.3;3;27
Sunshine Rice;324;11;67;50;3;7;0;74;2;355;3;0.3;243;57;134;11;1;10;0.3;0;23;3;15;166;0.3;0.1;3;16
Sunshine Salad;82;4;181;12;3;2;0;62;1;371;1;0.3;100;37;39;1;0;167;0.2;0;54;1;157;87;0.1;0.1;1;14
Sure to Please Baked Eggs & Cheese;163;11;194;3;0;13;2;140;1;162;2;0.2;61;15;234;23;1;133;0.2;0.8;0;1;6;35;0.1;0.4;0;202
Surf's Up Tacos;388;16;535;42;8;22;0;281;2;536;3;0.4;247;84;449;30;2;0;0.4;1;5;0;0;48;0.2;0.2;5;0
Sweet and Juicy Raisin Tapenade;250;6;220;49;5;5;0;23;2;317;1;0.1;217;29;79;10;0;0;0.1;0;1;1;3;10;0.1;0.1;1;11
Sweet and Savory Peanut Butter Dip;74;5;154;5;1;3;0;14;2;100;1;0;178;39;42;1;2;116;0.3;0;1;4;0;47;0;0;1;8
Sweet and Sour Cabbage;28;0;156;7;1;1;0;25;0;102;0;0;13;8;16;0;0;3;0.1;0;21;0;43;24;0;0;0;6
Sweet and Sour Salad Dressing;67;5;89;4;0;0;0;5;0;30;2;0.3;7;3;7;0;0;0;0;0;1;1;6;2;0;0;0;1
Sweet Potato and Apple Bake;231;9;64;38;4;3;0;38;1;443;1;0.1;253;36;83;2;1;499;0.3;0;33;1;4;30;0.1;0.1;1;20
Sweet Potato Cheesecake;139;6;137;17;1;5;0;84;1;186;0;0.1;50;14;77;4;0;143;0.1;0.2;5;0;1;12;0;0.2;0;11
Sweet Potato Custard;151;2;270;30;2;5;1;153;1;401;0;0;108;29;137;5;1;242;0.2;0.2;14;1;1;23;0.1;0.2;1;58
Sweet Potato Hash with Egg;346;14;405;35;6;20;1;93;4;864;2;0.1;505;56;274;17;3;941;0.7;1.2;48;2;14;45;0.2;0.5;5;149
Sweet Potato Pancakes with Balsamic Maple Mushrooms;420;12;480;70;7;12;1;300;3;942;1;0;0;84;355;0;3;868;0.5;0.5;15;2;21;40;0.3;0.7;6;72
Sweet Potato Patties;147;3;168;26;3;3;0;52;1;254;1;0.2;144;24;60;5;0;461;0.2;0.1;2;0;5;37;0.2;0.1;2;11
Sweet Potato Pone;196;7;364;33;1;1;0;134;2;620;3;0.4;222;90;50;6;0;283;0.3;0;1;1;9;4;0;0;1;9
Taco Flavored Potatoes;173;6;10;28;3;3;0;17;1;586;1;0.1;156;37;89;1;0;1;0.4;0;27;1;6;23;0.1;0.1;2;17
Taco Salad;249;8;536;19;6;26;0;67;3;699;2;0.2;282;62;296;26;3;90;0.7;1;22;1;36;128;0.2;0.2;7;84
Taco Salad II;366;13;756;46;8;20;0;269;4;892;2;0.2;286;89;385;14;3;131;0.4;1;17;3;31;107;0.3;0.3;3;62
Taco Soup;265;5;503;39;10;19;0;64;5;767;1;0.2;330;68;256;10;4;24;0.4;1;13;1;10;151;0.6;0.2;4;74
Tasty Chicken and Veggie Packets;209;6;91;5;2;32;0;33;1;463;1;0.1;86;41;254;28;1;187;0.8;0.3;46;1;13;31;0.1;0.2;14;91
Tasty Low-Fat Cream Soup;135;1;189;19;1;12;2;294;1;594;0;0;117;32;289;8;1;163;0.1;1;2;0;4;33;0.1;0.5;3;46
Tasty Veggie Dip;37;0;44;6;0;3;0;113;0;145;0;0;9;11;89;2;1;1;0;0.4;1;0;0;7;0;0.1;0;9
Ten Minute Corn Chowder;207;4;159;34;3;12;2;299;1;506;1;0.1;87;49;306;11;2;134;0.2;1;6;0;3;55;0.2;0.5;2;56
Terrific Bean Taco;185;9;397;19;4;8;0;152;2;390;2;0.2;165;45;182;6;1;105;0.2;0.1;8;1;48;78;0.1;0.1;1;23
Tex-Mex Skillet;250;5;410;31;12;20;0;60;2;872;1;0.1;0;101;375;30;5;40;0.5;1.3;18;1;18;124;0.4;0.3;6;88
Thai Pineapple and Chicken;511;12;511;69;9;34;0;0;0;0;3;0.2;0;0;0;0;0;119;1.2;0.3;156;3;96;110;0.4;0.3;16;125
The Bosnian Pot;296;6;74;36;7;26;0;84;4;1160;0;0.1;305;69;264;23;6;163;0.9;1.6;90;1;82;88;0.3;0.3;5;115
Thousand Island Dressing;68;6;161;3;0;1;0;32;0;93;1;0.1;16;5;29;1;0;6;0;0.1;3;0;12;3;0;0;0;4
Three Bean Salad;187;9;456;23;5;4;0;47;2;342;4;0.6;142;33;77;1;1;13;0.2;0;32;0;0;68;0.1;0.1;1;0
Three Sisters Soup;137;4;267;24;6;5;0;61;2;0;0;0;0;0;0;0;0;0;0;0;14;0;0;0;0;0;0;0
Three Sisters Stew;298;6;321;48;9;17;0;71;3;933;1;0.1;335;71;235;9;3;43;0.5;0;18;2;18;72;0.2;0.2;6;69
Tic Tac Toe Veggie Pizza;294;5;449;56;9;12;0;91;3;537;1;0.1;322;82;237;39;2;205;0.5;0.2;48;2;13;67;0.4;0.2;5;36
Tofu Salad;88;5;155;4;2;7;0;181;2;212;2;0.3;204;38;116;10;1;11;0.1;0;19;0;27;25;0.1;0.1;0;28
Tofu with Broccoli;151;10;173;8;3;12;0;269;3;437;2;0.2;293;61;194;13;1;32;0.2;0;68;1;102;73;0.1;0.2;1;47
Tofu Tomato and Spinach Soup;109;6;274;8;3;10;0;253;3;511;2;0.3;335;76;163;10;1;167;0.2;0;19;1;154;91;0.1;0.1;1;40
Tomato and Cucumber Salad;35;1;103;5;1;1;0;18;0;234;0;0;72;14;28;0;0;36;0.1;0;22;1;36;19;0.1;0;0;7
Tomato and Garlic Omelet;225;6;525;19;4;26;3;313;6;913;1;0.1;221;72;286;81;3;119;0.5;0.9;27;5;41;68;0.4;0.8;2;24
Tomato Basil and Bean Pasta Salad;212;3;24;37;4;8;0;23;2;0;0;0;0;0;0;0;0;28;0;0;7;0;0;0;0;0;0;0
Tomato Basil Bruschetta;103;3;132;17;1;3;0;18;1;140;0;0;63;12;41;7;0;18;0.1;0;6;1;6;66;0.1;0.1;1;7
Tomato Basil Soup;101;4;182;13;3;5;1;190;1;445;0;0;81;29;140;4;1;102;0.2;0.5;16;1;11;20;0.7;0.3;1;28
Tomato N' Cheese Pasta;322;11;153;47;6;14;0;239;4;516;1;0.1;389;72;256;37;2;41;0.4;0.4;22;3;19;30;0.3;0.2;2;33
Tortilla Chips and Bean Dip;216;6;190;30;7;12;0;168;3;422;1;0.2;225;58;271;5;2;76;0.2;0.2;3;0;22;110;0.2;0.2;1;32
Tortilla Pizzas;158;3;519;25;6;9;0;137;2;491;0;0;200;58;235;8;1;31;0.3;0.2;44;1;48;0;0.1;0.1;1;30
Tostadas;237;9;648;27;5;12;0;207;3;418;1;0.2;199;45;228;14;1;76;0.1;0.2;5;0;16;109;0.2;0.2;2;24
Tostadas Delgadas;268;9;667;35;5;11;0;194;3;378;1;0.2;186;41;210;17;1;70;0.1;0.1;4;0;19;135;0.3;0.2;2;21
Trail Mix Bars;208;10;83;28;2;5;0;23;4;207;3;0;383;69;102;5;3;203;0.5;0.1;1;8;0;115;0.1;0.1;3;13
Tropical Morning Treat;67;0;1;17;2;1;0;18;0;233;0;0;54;15;18;0;0;7;0.2;0;29;0;1;21;0.1;0.1;0;8
Tropical Yogurt Pops;65;1;43;11;1;4;0;0;0;0;0;0;0;0;0;0;0;20;0.1;0.3;10;0;1;17;0.1;0.1;0;12
Tuna Apple Salad;276;2;533;49;5;20;1;67;3;665;0;0;280;59;230;69;1;99;0.5;2.2;6;1;63;56;0.2;0.2;10;41
Tuna Apple Salad Sandwich;380;10;550;48;7;27;4;100;4;608;4;0.9;448;92;313;90;2;49;0.5;2.5;4;1;56;56;0.3;0.3;14;49
Tuna Melt Burger;225;7;635;26;4;14;0;151;2;250;2;0.3;155;53;211;36;1;30;0.2;0.8;1;2;12;29;0.2;0.2;5;28
Tuna Pasta;340;7;171;50;5;18;1;80;3;487;2;0.3;239;55;195;66;1;46;0.4;1.1;13;3;28;180;0.4;0.3;10;37
Tuna Pasta Casserole;350;4;413;57;5;21;1;54;4;531;1;0.1;345;53;212;82;1;26;0.4;1.4;20;1;4;203;0.9;0.4;9;37
Tuna Quesadillas;229;6;546;27;2;16;1;132;2;164;1;0.1;97;23;190;43;1;16;0.2;1.1;0;0;4;89;0.3;0.2;6;19
Tuna Salad II;89;4;158;5;1;10;1;27;1;193;2;0.2;59;16;84;34;0;26;0.2;1.3;1;0;22;14;0;0.1;5;19
Tuna Salad on Greens;189;12;234;8;2;12;0;47;1;390;1;0.1;115;29;108;36;1;0;0.2;1.3;10;0;0;60;0.1;0.1;6;0
Tuna Slider with Green Chiles;285;7;736;34;2;20;3;0;0;0;3;0.5;0;0;0;0;0;16;0.3;1.8;16;1;19;126;0.3;0.2;10;32
Turkey Burgers;224;14;74;6;1;20;0;52;2;308;3;0.2;176;28;220;28;3;27;0.4;1.2;7;0;1;17;0.1;0.2;6;63
Turkey Meatloaf;227;12;184;11;1;18;0;51;2;319;3;0.2;195;35;228;28;3;45;0.4;1.1;15;0;4;18;0.1;0.2;5;83
Turkey Patties;379;20;448;20;2;30;0;112;4;382;5;0.3;281;43;333;47;4;57;0.5;1.8;3;0;15;61;0.4;0.4;9;117
Turkey Pinwheel Appetizers;106;4;260;13;1;5;0;54;1;173;0;0;59;15;71;7;0;60;0.1;0.1;5;0;30;50;0.1;0.1;1;13
Turkey Potato Salad;243;8;693;15;2;26;0;29;1;590;4;0.5;149;47;276;26;2;9;0.9;0.7;23;0;24;27;0.1;0.2;11;81
Turkey Salad with Orange Vinaigrette;172;5;551;10;2;21;0;49;1;0;0;0;0;0;0;0;0;203;0;0;35;0;0;0;0;0;0;0
Turkey Stew;248;4;495;30;6;23;0;86;2;1061;1;0.2;263;67;268;22;2;534;1.1;0.6;40;1;18;50;0.8;0.3;10;79
Turkey Stuffed Cabbage;267;10;220;27;7;21;0;147;3;784;2;0.1;208;57;242;21;4;138;0.7;1.5;81;1;143;100;0.7;0.3;6;81
Turkey Tostadas;197;3;699;19;3;24;0;69;1;434;0;0;151;54;306;24;2;35;0.7;0.6;4;1;11;0;0.1;0.2;9;66
Turtle Apple;288;1;20;74;6;2;0;34;1;429;0;0;173;34;50;1;1;133;0.2;0;0;1;2;0;0.2;0.2;2;27
Tuscan Potato Skillet;310;10;450;27;4;28;0;60;2;1029;1;0.1;232;74;354;32;2;13;1.1;0.4;27;1;16;46;0.2;0.2;17;117
Tuscan-Style Pasta with Cannellini;580;15;550;89;15;21;0;125;6;614;3;0.2;725;122;357;65;3;28;0.4;0;11;4;51;98;0.4;0.2;3;74
Two Bean Chili;275;9;284;32;8;18;0;64;4;860;0;0.1;332;66;246;11;4;45;0.5;0;31;1;9;86;0.2;0.2;4;76
Un-fried Chicken;369;7;293;17;1;56;0;118;3;536;1;0.1;137;62;455;52;2;10;1;0.8;0;0;2;43;0.3;0.3;24;148
Uncooked Tomato Sauce;301;5;80;52;5;12;0;97;2;546;1;0.1;271;51;168;38;1;93;0.3;0.1;37;1;23;197;0.5;0.3;4;24
Vegetable Chili;427;8;480;78;21;20;0;196;7;1643;1;0.2;695;154;441;5;3;545;0.9;0;46;4;37;137;0.5;0.5;4;126
Vegetable Dipping Sauce;42;2;53;5;0;2;0;54;0;77;0;0;8;6;38;2;0;14;0;0.2;0;0;0;4;0;0.1;0;6
Vegetable Fried Rice;215;7;255;33;4;5;0;34;2;208;3;0.4;122;30;82;6;1;149;0.2;0;3;1;27;96;0.2;0.1;2;20
Vegetable Medley with Salsa Dip;134;0;544;30;8;5;0;142;1;709;0;0;182;43;135;4;1;365;0.3;0;63;1;67;64;0.1;0.2;1;38
Vegetable Salad;114;6;212;14;3;3;0;32;1;237;2;0.3;112;21;56;1;0;144;0.3;0;23;1;10;29;0.2;0.1;1;17
Vegetable Snake;20;0;4;4;1;1;0;19;0;245;0;0;98;17;32;0;0;23;0.1;0;9;0;11;21;0.1;0;0;9
Vegetable Soup with Chicken;300;4;305;49;9;21;0;56;2;789;1;0.1;218;62;226;11;2;609;0.5;0;26;0;0;0;0;0;0;0
Vegetable Stew;98;1;145;22;4;3;0;43;1;613;0;0.1;149;38;96;1;1;287;0.4;0;35;0;16;58;0.1;0.2;2;23
Vegetable Stroganoff;313;5;70;59;9;13;0;169;4;779;0;0.1;449;94;260;43;2;323;0.6;0.2;63;3;38;60;0.3;0.3;3;43
Vegetarian Chili;272;9;286;42;12;12;0;163;7;1466;3;0.7;524;111;264;3;2;85;1;0;99;4;45;183;0.4;0.5;3;62
Vegetarian Collard Greens;59;4;253;4;1;2;0;46;0;165;1;0.2;54;12;22;1;0;74;0.1;0;12;1;72;32;0.1;0.1;1;9
Vegetarian Spaghetti Sauce;129;6;322;18;4;4;0;74;3;757;1;0.1;239;45;82;3;1;65;0.3;0;21;4;36;35;0.1;0.1;4;29
Vegetarian Stuffed Peppers;36;1;77;6;2;1;0;20;0;225;0;0;81;14;28;0;0;34;0.2;0;54;1;21;16;0.1;0;1;7
Veggie Bean Wrap;458;11;599;78;15;15;0;160;5;939;2;0.2;543;83;256;18;1;76;0.5;0;97;3;27;268;0.6;0.4;5;49
Veggie Chow Mein;163;4;382;27;3;5;0;35;1;272;1;0.2;116;27;78;18;1;166;0.2;0;36;1;28;104;0.2;0.2;2;14
Veggie Dip;27;1;169;1;0;3;0;24;0;35;0;0;10;3;43;3;0;10;0;0.1;0;0;2;4;0;0.1;0;5
Veggie Noodles;626;9;753;110;9;25;0;165;6;614;1;0.2;434;86;313;86;3;586;0.3;0.1;6;2;26;403;0.9;0.6;8;48
Veggie Omelet in a Mug;200;13;382;3;0;16;2;190;2;237;1;0.1;128;20;291;32;2;196;0.2;0;0;1;1;48;0.1;0.6;1;269
Veggie Pizza Pita Pockets;341;13;609;36;6;22;0;474;2;520;1;0.2;218;71;450;32;3;128;0.4;1.3;80;2;95;83;0.3;0.4;3;41
Veggie Quesadillas;357;11;689;52;9;17;0;277;3;700;1;0.2;280;94;377;38;3;242;0.5;0.2;103;1;86;119;0.4;0.4;4;40
Veggie Quesadillas II;318;6;631;49;8;19;0;273;3;532;1;0.1;234;84;410;39;3;214;0.4;0.5;76;1;42;99;0.3;0.4;4;33
Veggie Stir-Fry with Turkey;223;10;182;20;4;17;0;63;2;623;2;0.2;211;56;227;19;3;75;0.6;0;55;1;10;81;0.2;0.3;5;62
Veggie Stuffed Pita;163;5;319;20;3;11;0;142;1;265;1;0.2;122;36;217;17;1;195;0.2;0.1;20;1;22;34;0.1;0.2;1;20
Very Berry Muesli;145;5;41;24;2;4;1;118;0;283;2;0.6;186;26;115;3;1;28;0.1;0;2;0;8;14;0.1;0.2;0;16
Very Berry Smoothie;252;1;56;59;13;7;1;0;0;0;0;0.2;0;0;0;0;0;84;0.4;0.6;82;1;13;66;0.2;0.4;2;52
Vinaigrette Salad Dressing;148;16;123;0;0;0;0;1;0;0;0;0;0;0;0;0;0;0;0;0;0;0;0;0;0;0;0;0
Waldorf Salad;103;3;23;18;2;2;0;41;0;232;2;0.5;138;18;55;1;0;5;0.1;0.1;3;0;7;14;0.1;0.1;0;7
Watermelon Gazpacho;70;2;0;13;1;1;0;22;0;260;0;0;110;23;31;1;0;47;0.1;0;15;0;7;14;0.1;0;0;10
Wheat Berry Chili;205;1;194;56;10;15;0;58;6;367;1;0.2;0;110;287;10;2;72;0.5;0.1;33;3;21;164;0.3;0.2;5;58
White Bean Bruschetta;342;15;332;43;7;10;0;95;4;574;2;0.2;281;67;157;17;1;26;0.2;0;12;3;23;104;0.3;0.2;3;30
White Chicken Chili;317;10;810;35;8;24;0;173;4;776;1;0.2;317;94;343;19;2;23;0.5;0.2;15;2;9;137;0.3;0.2;5;76
White Chili;208;4;96;30;6;15;1;152;4;677;1;0.1;286;72;240;7;2;83;0.3;0.3;34;2;8;75;0.1;0.2;3;0
White Sauce - Thin;213;12;105;18;0;9;3;303;0;394;0;0.1;45;29;259;10;1;247;0.1;1.3;0;0;1;35;0.2;0.5;1;42
Whole Grain Strawberry Pancakes;260;9;390;36;4;9;1;144;2;300;2;0.6;163;51;216;27;1;36;0.2;0.5;25;2;6;36;0.2;0.3;2;71
Whole Wheat Garlic Bread Sticks;112;5;128;12;2;4;0;49;1;77;1;0.1;66;22;61;7;1;0;0.1;0;0;1;6;12;0.1;0.1;1;8
Whole Wheat Muffins;148;5;232;22;1;4;0;85;1;97;1;0.3;67;20;100;13;1;64;0.1;0.2;0;1;5;40;0.1;0.1;1;33
Yellow Potato and Red Pepper Shrimp Sauté;330;10;240;38;6;24;0;150;4;1053;1;0.1;363;78;327;27;2;104;0.8;0.9;78;3;13;70;0.2;0.2;4;98
Yogurt Berry Parfait;304;9;89;46;5;11;1;240;2;613;3;0.2;259;87;320;15;2;17;0.3;0.7;19;4;7;52;0.3;0.4;1;40
Yogurt Pops;59;0;30;13;0;2;0;74;0;135;0;0;27;9;57;1;0;1;0;0.2;5;0;0;4;0;0.1;0;7
Yogurt Popsicles;42;1;28;7;0;2;0;72;0;119;0;0;13;8;58;2;0;6;0;0;6;0;0;11;0;0.1;0;7
Yogurt Smoothie in a Bag;77;1;47;14;0;4;1;127;0;237;0;0;28;15;104;4;1;18;0.1;0.4;17;0;0;26;0.1;0.2;0;14
Yummy Bagels;98;1;2;20;2;3;0;7;1;72;0;0;81;23;69;13;1;0;0.1;0;0;0;1;53;0.2;0.1;2;6
Yummy Bean Dip;87;0;182;16;5;6;0;38;1;287;0;0.1;134;31;95;4;1;4;0.2;0;2;1;3;101;0.1;0.1;0;22
Zesty Citrus Coleslaw;21;0;246;5;1;1;0;17;0;91;0;0;29;8;27;0;0;16;0;0;16;0;18;14;0;0;0;5
Zesty Herb Salad Dressing;29;3;160;1;0;0;0;7;0;48;1;0.2;16;4;4;0;0;4;0;0;3;0;7;4;0;0;0;1
Zesty Lemon Fish;96;2;325;3;1;17;1;20;0;305;0;0.1;46;26;306;24;0;2;0.2;2;5;1;4;12;0.1;0.1;1;71
Zesty Orange Carrots;91;3;95;16;3;1;0;42;0;354;1;0.1;55;14;38;0;0;866;0.2;0;15;1;16;24;0.1;0.1;1;11
Zesty Skillet Zucchini;29;0;10;6;2;2;0;25;1;337;0;0;110;21;50;1;0;20;0.2;0;20;0;9;29;0.1;0.1;1;12
Zucchini And Tomatoes;89;6;158;8;2;2;0;29;1;446;0;0.1;101;27;61;0;0;85;0.3;0;29;1;10;37;0.1;0.1;1;16
Zucchini Bread;190;5;333;34;2;4;0;27;1;139;2;0.2;94;23;85;14;1;16;0.1;0.1;3;1;5;47;0.2;0.1;1;34
Zucchini Pancakes;146;10;76;9;1;6;0;63;1;352;1;0.1;92;27;115;10;1;52;0.3;0.2;21;1;10;56;0.1;0.3;1;77
Zucchini Recipe;152;11;156;7;1;7;1;155;1;274;0;0;72;22;145;7;1;61;0.2;0.3;20;1;8;28;0.1;0.2;0;50
Zucchini Stir Fry;68;4;7;8;2;2;0;28;1;366;1;0.3;73;25;54;0;0;57;0.3;0;57;1;11;45;0.1;0.2;1;11